date_time_local,unixtime,pressure_station,pressure_sea,wind_dir,wind_dir_10s,wind_speed,wind_gust,relative_humidity,dew_point,temperature,windchill,humidex,visibility,health_index,cloud_cover_4,cloud_cover_8,cloud_cover_10,solar_radiation,max_air_temp_pst1hr,min_air_temp_pst1hr
"2024-01-25 11:00:00 EST",1706198400,101.93,102.39,N,0,0,,88,-2.7,-1,,,9700,,,8,,,-1,-1.9
"2024-01-25 10:00:00 EST",1706194800,101.88,102.34,N,0,2,,90,-3.3,-1.8,-3,,9700,,,8,,,-1.8,-2.3
"2024-01-25 09:00:00 EST",1706191200,101.84,102.3,N,0,2,,90,-3.7,-2.3,-3,,12900,,,8,,,-2.3,-2.8
"2024-01-25 08:00:00 EST",1706187600,101.76,102.22,N,0,2,,90,-4.1,-2.7,-3,,16100,,,8,,,-2.7,-3.1
"2024-01-25 07:00:00 EST",1706184000,101.72,102.18,NW,31,5,,91,-4.3,-3,-5,,19300,,,8,,,-3,-3.2
"2024-01-25 06:00:00 EST",1706180400,101.61,102.07,NNW,34,4,,91,-4.5,-3.3,-5,,19300,,,8,,,-3.2,-3.5
"2024-01-25 05:00:00 EST",1706176800,101.57,102.03,NNW,34,9,,91,-4.8,-3.6,-7,,24100,,,8,,,-3.5,-3.7
"2024-01-25 04:00:00 EST",1706173200,101.49,101.95,N,1,10,,92,-4.7,-3.6,-8,,19300,,,8,,,-3.5,-3.9
"2024-01-25 03:00:00 EST",1706169600,101.55,102.01,N,36,12,,92,-4.9,-3.8,-8,,12900,,,8,,,-3.8,-4.2
"2024-01-25 02:00:00 EST",1706166000,101.56,102.02,NNE,1,11,,92,-5.3,-4.2,-9,,16100,,,8,,,-4.1,-4.6
"2024-01-25 01:00:00 EST",1706162400,101.56,102.02,NNE,2,15,,92,-5.7,-4.6,-10,,9700,,,8,,,-4.4,-4.8
"2024-01-25 00:00:00 EST",1706158800,101.59,102.05,NNE,2,15,,92,-6,-4.9,-10,,9700,,,8,,,-4.7,-5.1
"2024-01-24 23:00:00 EST",1706155200,101.71,102.17,NNE,2,15,,91,-6,-4.8,-10,,9700,,,8,,,-4.8,-6.1
"2024-01-24 22:00:00 EST",1706151600,101.76,102.22,NNE,2,15,,91,-7.3,-6.1,-12,,9700,,,8,,,-5.9,-7.1
"2024-01-24 21:00:00 EST",1706148000,101.89,102.35,NNE,2,21,,91,-7.9,-6.7,-14,,6400,,,8,,,-6.7,-7.2
"2024-01-24 20:00:00 EST",1706144400,101.96,102.42,NNE,2,15,,91,-8.4,-7.2,-13,,4800,,,8,,,-7.2,-7.7
"2024-01-24 19:00:00 EST",1706140800,102.11,102.57,NNE,2,16,,91,-8.7,-7.5,-14,,4800,,,8,,,-7.4,-7.8
"2024-01-24 18:00:00 EST",1706137200,102.14,102.6,NNE,2,15,,91,-8.9,-7.7,-14,,4800,,,8,,,-7.6,-8.2
"2024-01-24 17:00:00 EST",1706133600,102.21,102.67,NNE,2,15,,90,-9.6,-8.2,-15,,4800,,,8,,,-8.1,-8.5
"2024-01-24 16:00:00 EST",1706130000,102.27,102.73,NNE,2,17,,87,-10.2,-8.4,-15,,9700,,,8,,,-8.2,-8.5
"2024-01-24 15:00:00 EST",1706126400,102.34,102.8,NNE,2,19,,80,-11.3,-8.5,-16,,9700,,,8,,,-8.2,-8.5
"2024-01-24 14:00:00 EST",1706122800,102.37,102.83,NNE,2,17,,74,-12.2,-8.4,-15,,24100,,,8,,,-8.3,-8.6
"2024-01-24 13:00:00 EST",1706119200,102.46,102.92,NNE,2,14,,75,-12.2,-8.5,-15,,24100,,,8,,,-8.4,-8.7
"2024-01-24 12:00:00 EST",1706115600,102.56,103.02,NNE,2,20,,76,-12.2,-8.7,-16,,24100,,,8,,,-8.7,-9.6
"2024-01-24 11:00:00 EST",1706112000,102.65,103.11,NNE,3,17,,78,-12.2,-9.1,-16,,24100,,,8,,,-9.1,-10.1
"2024-01-24 10:00:00 EST",1706108400,102.75,103.22,NNE,2,21,,81,-12.8,-10.1,-18,,19300,,,8,,,-10,-10.3
"2024-01-24 09:00:00 EST",1706104800,102.78,103.25,N,1,22,,82,-12.8,-10.3,-19,,16100,,,8,,,-9.8,-10.3
"2024-01-24 08:00:00 EST",1706101200,102.8,103.26,NNE,2,17,,81,-12.6,-9.9,-17,,24100,,,8,,,-9.8,-10
"2024-01-24 07:00:00 EST",1706097600,102.85,103.32,NNE,2,17,,81,-12.6,-10,-17,,24100,,,8,,,-10,-10.3
"2024-01-24 06:00:00 EST",1706094000,102.84,103.3,NNE,3,21,,80,-13.1,-10.3,-18,,24100,,,8,,,-10.2,-10.4
"2024-01-24 05:00:00 EST",1706090400,102.91,103.38,NNE,3,23,,80,-13.2,-10.4,-19,,24100,,,8,,,-10.4,-10.6
"2024-01-24 04:00:00 EST",1706086800,103.01,103.48,NNE,2,19,,75,-14,-10.4,-18,,24100,,,8,,,-10.1,-10.4
"2024-01-24 03:00:00 EST",1706083200,103.04,103.5,NNE,3,19,,67,-15.1,-10.1,-18,,24100,,,8,,,-9.5,-10.1
"2024-01-24 02:00:00 EST",1706079600,103.1,103.56,NE,4,21,,63,-15.3,-9.5,-17,,24100,,,8,,,-9.5,-9.7
"2024-01-24 01:00:00 EST",1706076000,103.12,103.58,NE,4,21,,59,-16.1,-9.6,-18,,24100,,,8,,,-9.4,-9.6
"2024-01-24 00:00:00 EST",1706072400,103.2,103.66,NE,5,23,,56,-16.7,-9.4,-18,,24100,,,7,,,-9,-9.4
"2024-01-23 23:00:00 EST",1706068800,103.3,103.76,NE,5,19,,55,-16.6,-9,-16,,24100,,,7,,,-8.7,-9.1
"2024-01-23 22:00:00 EST",1706065200,103.27,103.73,NE,5,25,,51,-17.2,-8.7,-17,,24100,,,6,,,-8.3,-8.7
"2024-01-23 21:00:00 EST",1706061600,103.28,103.74,NE,5,21,,46,-17.9,-8.3,-16,,24100,,,8,,,-7.8,-8.4
"2024-01-23 20:00:00 EST",1706058000,103.29,103.75,ENE,6,19,,49,-16.7,-7.8,-15,,24100,,,8,,,-7.5,-7.9
"2024-01-23 19:00:00 EST",1706054400,103.28,103.74,NE,6,18,28,49,-16.4,-7.5,-14,,24100,,,8,,,-7.1,-7.6
"2024-01-23 18:00:00 EST",1706050800,103.25,103.71,NE,6,18,,51,-15.6,-7.2,-14,,24100,,,8,,,-6.7,-7.2
"2024-01-23 17:00:00 EST",1706047200,103.19,103.65,ENE,7,19,,50,-15.4,-6.7,-14,,24100,,,8,,,-6,-6.7
"2024-01-23 16:00:00 EST",1706043600,103.11,103.57,ENE,7,22,,53,-14,-6,-13,,24100,,,7,,,-4.5,-6
"2024-01-23 15:00:00 EST",1706040000,103.05,103.51,NE,5,23,,59,-11.3,-4.5,-11,,24100,,,8,,,-3.1,-4.6
"2024-01-23 14:00:00 EST",1706036400,102.97,103.43,ENE,6,26,,58,-10.2,-3.1,-10,,24100,,,7,,,-2,-3.1
"2024-01-23 13:00:00 EST",1706032800,102.9,103.36,NE,5,21,,62,-8.2,-1.9,-8,,24100,,,7,,,-1.3,-1.9
"2024-01-23 12:00:00 EST",1706029200,102.9,103.36,NE,4,18,,66,-6.9,-1.3,-7,,24100,,,8,,,-1.2,-1.8
"2024-01-23 11:00:00 EST",1706025600,102.87,103.33,NNE,3,18,,73,-5.7,-1.4,-7,,24100,,,7,,,-0.1,-1.6
"2024-01-23 10:00:00 EST",1706022000,102.74,103.2,WNW,30,14,,76,-4,-0.3,-5,,24100,,,8,,,-0.2,-0.5
"2024-01-23 09:00:00 EST",1706018400,102.66,103.12,W,28,13,,78,-3.8,-0.5,-5,,24100,,,8,,,-0.5,-0.8
"2024-01-23 08:00:00 EST",1706014800,102.57,103.03,W,26,15,,79,-3.9,-0.7,-5,,24100,,,8,,,-0.6,-0.8
"2024-01-23 07:00:00 EST",1706011200,102.47,102.93,W,27,21,,78,-3.9,-0.6,-6,,24100,,,8,,,-0.6,-0.7
"2024-01-23 06:00:00 EST",1706007600,102.37,102.83,W,27,16,,77,-4.1,-0.6,-5,,24100,,,8,,,-0.5,-0.6
"2024-01-23 05:00:00 EST",1706004000,102.34,102.8,W,26,22,29,77,-4,-0.5,-6,,24100,,,8,,,-0.4,-0.6
"2024-01-23 04:00:00 EST",1706000400,102.24,102.69,W,26,25,,77,-4,-0.4,-6,,24100,,,8,,,-0.4,-0.6
"2024-01-23 03:00:00 EST",1705996800,102.16,102.61,W,26,21,33,76,-4.2,-0.5,-6,,24100,,,8,,,-0.4,-0.5
"2024-01-23 02:00:00 EST",1705993200,102.1,102.55,W,26,25,35,77,-4,-0.5,-7,,24100,,,8,,,-0.4,-1
"2024-01-23 01:00:00 EST",1705989600,101.99,102.44,WSW,25,28,28,83,-3.3,-0.7,-7,,24100,,,8,,,-0.7,-1
"2024-01-23 00:00:00 EST",1705986000,101.92,102.37,WSW,24,26,,86,-3.2,-1.1,-7,,19300,,,8,,,-1,-1.4
"2024-01-22 23:00:00 EST",1705982400,101.9,102.35,WSW,24,27,32,87,-3.3,-1.4,-8,,16100,,,8,,,-1.4,-1.6
"2024-01-22 22:00:00 EST",1705978800,101.88,102.33,WSW,24,26,28,86,-3.7,-1.6,-8,,12900,,,8,,,-1.6,-1.9
"2024-01-22 21:00:00 EST",1705975200,101.85,102.3,SW,23,26,,87,-3.7,-1.8,-8,,6400,,,8,,,-1.8,-2.1
"2024-01-22 20:00:00 EST",1705971600,101.86,102.32,SW,22,26,30,88,-3.8,-2.1,-9,,8100,,,8,,,-2.1,-2.5
"2024-01-22 19:00:00 EST",1705968000,101.85,102.31,SW,22,27,29,89,-4,-2.4,-9,,4800,,,8,,,-1.7,-2.5
"2024-01-22 18:00:00 EST",1705964400,101.9,102.36,SW,24,32,46,79,-5.5,-2.4,-10,,6400,,,8,,,-1.7,-2.5
"2024-01-22 17:00:00 EST",1705960800,101.86,102.32,WSW,24,27,,81,-5.4,-2.5,-9,,8100,,,8,,,-1.2,-2.6
"2024-01-22 16:00:00 EST",1705957200,101.89,102.35,SW,23,29,,65,-7,-1.2,-8,,24100,,,8,,,-1.2,-1.4
"2024-01-22 15:00:00 EST",1705953600,101.92,102.38,SW,22,29,33,68,-6.5,-1.3,-8,,48300,,,8,,,-1.1,-1.4
"2024-01-22 14:00:00 EST",1705950000,101.98,102.44,SW,23,34,46,70,-5.9,-1.1,-8,,24100,,,8,,,-0.5,-1.2
"2024-01-22 13:00:00 EST",1705946400,102.04,102.5,SW,23,41,45,69,-5.7,-0.6,-8,,48300,,,8,,,-0.6,-1.2
"2024-01-22 12:00:00 EST",1705942800,102.11,102.57,WSW,24,34,31,69,-6.2,-1.2,-8,,48300,,,8,,,-1.2,-2.2
"2024-01-22 11:00:00 EST",1705939200,102.22,102.68,SW,24,32,49,73,-6.4,-2.2,-10,,48300,,,6,,,-1.8,-2.6
"2024-01-22 10:00:00 EST",1705935600,102.27,102.73,WSW,24,34,45,73,-6.8,-2.5,-10,,48300,,,8,,,-2.5,-3.6
"2024-01-22 09:00:00 EST",1705932000,102.25,102.71,SW,23,37,49,72,-7.8,-3.6,-12,,48300,,,6,,,-3.5,-4.4
"2024-01-22 08:00:00 EST",1705928400,102.29,102.75,WSW,24,34,34,71,-8.7,-4.1,-12,,48300,,,8,,,-4.1,-5
"2024-01-22 07:00:00 EST",1705924800,102.32,102.78,SW,24,27,,71,-9.5,-5,-13,,48300,,,7,,,-5,-5.6
"2024-01-22 06:00:00 EST",1705921200,102.37,102.83,WSW,24,28,43,72,-9.9,-5.5,-13,,24100,,,8,,,-5.2,-5.7
"2024-01-22 05:00:00 EST",1705917600,102.38,102.84,SW,22,26,35,72,-9.7,-5.5,-13,,24100,,,8,,,-5.5,-8.9
"2024-01-22 04:00:00 EST",1705914000,102.45,102.91,S,17,7,,72,-12.9,-8.7,-13,,24100,,,8,,,-6.6,-8.7
"2024-01-22 03:00:00 EST",1705910400,102.48,102.94,SSW,20,12,,73,-11.8,-7.8,-13,,24100,,,8,,,-7.8,-12
"2024-01-22 02:00:00 EST",1705906800,102.55,103.02,WSW,26,6,,75,-15.6,-12,-16,,24100,,,6,,,-10.7,-12.5
"2024-01-22 01:00:00 EST",1705903200,102.58,103.05,SW,22,7,,69,-15.2,-10.6,-15,,24100,,,7,,,-10.6,-12.2
"2024-01-22 00:00:00 EST",1705899600,102.62,103.09,WSW,24,11,,71,-16.5,-12.2,-18,,24100,,,8,,,-12,-12.7
"2024-01-21 23:00:00 EST",1705896000,102.63,103.1,WSW,25,8,,70,-17,-12.7,-18,,24100,,,2,,,-12.5,-13.3
"2024-01-21 22:00:00 EST",1705892400,102.63,103.1,WSW,25,13,,67,-17.7,-12.7,-20,,24100,,,0,,,-12.6,-13.4
"2024-01-21 21:00:00 EST",1705888800,102.65,103.12,SW,23,10,,63,-18.4,-12.8,-19,,24100,,,3,,,-12,-12.8
"2024-01-21 20:00:00 EST",1705885200,102.66,103.13,W,26,18,,62,-18,-12.2,-20,,24100,,,0,,,-11.9,-12.6
"2024-01-21 19:00:00 EST",1705881600,102.63,103.1,WSW,24,19,,64,-18.1,-12.7,-21,,24100,,,0,,,-12.3,-12.8
"2024-01-21 18:00:00 EST",1705878000,102.59,103.06,WSW,24,19,,64,-18,-12.5,-21,,24100,,,1,,,-12.2,-12.7
"2024-01-21 17:00:00 EST",1705874400,102.56,103.03,WSW,25,26,28,63,-18.1,-12.3,-22,,48300,,,2,,,-11.8,-12.4
"2024-01-21 16:00:00 EST",1705870800,102.47,102.94,WSW,24,25,,62,-17.7,-11.8,-21,,48300,,,2,,,-11.6,-11.8
"2024-01-21 15:00:00 EST",1705867200,102.44,102.91,WSW,25,30,39,64,-17.3,-11.8,-22,,48300,,,2,,,-11.7,-12.1
"2024-01-21 14:00:00 EST",1705863600,102.37,102.84,WSW,24,30,35,66,-17.3,-12.1,-22,,24100,,,1,,,-12.1,-12.7
"2024-01-21 13:00:00 EST",1705860000,102.37,102.84,WSW,26,28,29,70,-16.9,-12.6,-23,,24100,,,7,,,-12.6,-13.2
"2024-01-21 12:00:00 EST",1705856400,102.39,102.86,W,26,23,42,70,-17.5,-13.2,-23,,16100,,,7,,,-13,-13.7
"2024-01-21 11:00:00 EST",1705852800,102.4,102.87,W,26,27,32,67,-18.6,-13.6,-24,,24100,,,5,,,-12.9,-13.6
"2024-01-21 10:00:00 EST",1705849200,102.37,102.84,W,26,26,37,67,-18.3,-13.4,-23,,24100,,,4,,,-13.4,-13.7
"2024-01-21 09:00:00 EST",1705845600,102.29,102.76,WSW,26,31,,68,-18.2,-13.6,-24,,24100,,,8,,,-13.3,-13.7
"2024-01-21 08:00:00 EST",1705842000,102.21,102.68,W,27,26,,75,-17,-13.5,-23,,24100,,,7,,,-12.8,-13.7
"2024-01-21 07:00:00 EST",1705838400,102.1,102.57,W,28,22,31,68,-17.9,-13.2,-22,,24100,,,8,,,-12.8,-13.2
"2024-01-21 06:00:00 EST",1705834800,102,102.46,WNW,29,18,29,67,-17.9,-12.9,-21,,24100,,,8,,,-12.7,-12.9
"2024-01-21 05:00:00 EST",1705831200,101.92,102.38,WNW,28,21,33,66,-17.9,-12.7,-21,,24100,,,8,,,-12.2,-12.7
"2024-01-21 04:00:00 EST",1705827600,101.83,102.29,W,28,25,31,65,-17.4,-12.2,-22,,24100,,,8,,,-11.7,-12.2
"2024-01-21 03:00:00 EST",1705824000,101.77,102.23,W,28,17,,67,-16.7,-11.7,-19,,24100,,,8,,,-11.5,-11.8
"2024-01-21 02:00:00 EST",1705820400,101.72,102.18,W,27,18,,65,-16.8,-11.5,-19,,24100,,,8,,,-11.4,-11.5
"2024-01-21 01:00:00 EST",1705816800,101.64,102.1,WNW,30,19,,66,-16.6,-11.5,-20,,24100,,,8,,,-11.4,-11.6
"2024-01-21 00:00:00 EST",1705813200,101.59,102.05,WNW,29,19,,68,-16.4,-11.6,-20,,24100,,,8,,,-11.5,-11.6
"2024-01-20 23:00:00 EST",1705809600,101.53,101.99,W,28,22,,68,-16.3,-11.5,-20,,12900,,,8,,,-11.2,-11.5
"2024-01-20 22:00:00 EST",1705806000,101.5,101.96,WNW,29,20,,68,-16,-11.2,-19,,12900,,,8,,,-10.5,-11.2
"2024-01-20 21:00:00 EST",1705802400,101.47,101.93,WNW,29,19,,63,-16.4,-10.6,-18,,24100,,,8,,,-10.5,-10.7
"2024-01-20 20:00:00 EST",1705798800,101.4,101.86,WNW,29,20,,66,-15.8,-10.6,-19,,16100,,,8,,,-10.6,-10.9
"2024-01-20 19:00:00 EST",1705795200,101.33,101.79,W,27,17,29,75,-14.5,-10.8,-18,,8100,,,8,,,-10.8,-11.2
"2024-01-20 18:00:00 EST",1705791600,101.28,101.74,W,27,18,,78,-14.1,-11,-19,,8100,,,7,,,-10.6,-11
"2024-01-20 17:00:00 EST",1705788000,101.23,101.69,W,27,17,,81,-13.5,-10.8,-18,,4800,,,8,,,-10.8,-10.8
"2024-01-20 16:00:00 EST",1705784400,101.12,101.58,W,26,19,,81,-13.5,-10.8,-19,,3200,,,8,,,-10.8,-11.1
"2024-01-20 15:00:00 EST",1705780800,101.06,101.52,WSW,26,22,,79,-14,-11.1,-20,,2800,,,8,,,-11,-11.8
"2024-01-20 14:00:00 EST",1705777200,101.01,101.47,W,26,19,,79,-14.5,-11.4,-19,,1600,,,7,,,-11.4,-12.2
"2024-01-20 13:00:00 EST",1705773600,101,101.46,W,26,19,,76,-15.4,-12,-20,,2000,,,8,,,-11.8,-12.7
"2024-01-20 12:00:00 EST",1705770000,101.03,101.49,WSW,26,22,,68,-16.9,-12.2,-21,,4800,,,8,,,-11.8,-12.7
"2024-01-20 11:00:00 EST",1705766400,101.04,101.5,W,27,20,33,68,-17.5,-12.7,-21,,24100,,,8,,,-12.7,-13.3
"2024-01-20 10:00:00 EST",1705762800,101.06,101.52,W,27,22,,69,-17.9,-13.3,-22,,24100,,,8,,,-13.3,-13.8
"2024-01-20 09:00:00 EST",1705759200,101.05,101.51,W,26,22,,70,-18.2,-13.8,-23,,24100,,,8,,,-13.8,-14.3
"2024-01-20 08:00:00 EST",1705755600,101.01,101.47,W,26,20,,71,-18.6,-14.3,-23,,24100,,,8,,,-14.3,-14.6
"2024-01-20 07:00:00 EST",1705752000,100.98,101.44,W,26,19,,70,-18.9,-14.6,-23,,24100,,,8,,,-14.5,-14.8
"2024-01-20 06:00:00 EST",1705748400,100.96,101.42,W,27,16,,70,-19.2,-14.8,-23,,24100,,,8,,,-14.8,-15.5
"2024-01-20 05:00:00 EST",1705744800,100.95,101.41,W,26,18,,70,-19.9,-15.5,-24,,24100,,,8,,,-15.5,-16.1
"2024-01-20 04:00:00 EST",1705741200,100.93,101.39,WSW,25,18,,70,-20.4,-16.1,-25,,24100,,,8,,,-16.1,-16.7
"2024-01-20 03:00:00 EST",1705737600,100.94,101.4,WSW,25,16,,72,-20.8,-16.8,-25,,24100,,,7,,,-16.8,-17.4
"2024-01-20 02:00:00 EST",1705734000,100.94,101.4,WSW,25,15,,72,-21.2,-17.3,-26,,24100,,,7,,,-16.8,-17.4
"2024-01-20 01:00:00 EST",1705730400,100.9,101.36,WSW,26,12,,70,-21.1,-16.9,-24,,24100,,,1,,,-16.6,-16.9
"2024-01-20 00:00:00 EST",1705726800,100.91,101.37,WSW,25,12,,69,-21.1,-16.8,-24,,24100,,,2,,,-15.7,-16.8
"2024-01-19 23:00:00 EST",1705723200,100.93,101.39,W,26,9,,66,-20.9,-15.8,-22,,24100,,,3,,,-14.9,-15.8
"2024-01-19 22:00:00 EST",1705719600,100.92,101.38,WNW,29,14,,64,-20.4,-14.9,-22,,24100,,,3,,,-14.6,-15
"2024-01-19 21:00:00 EST",1705716000,100.92,101.38,WNW,30,16,,63,-20.3,-14.7,-23,,24100,,,2,,,-14.5,-14.9
"2024-01-19 20:00:00 EST",1705712400,100.91,101.37,W,27,14,,63,-20.5,-14.8,-22,,24100,,,1,,,-14.8,-15.1
"2024-01-19 19:00:00 EST",1705708800,100.94,101.4,W,26,12,,59,-21.3,-15,-22,,24100,,,1,,,-14.4,-15
"2024-01-19 18:00:00 EST",1705705200,100.97,101.43,W,26,21,,57,-21.1,-14.3,-24,,24100,,,1,,,-14.3,-15
"2024-01-19 17:00:00 EST",1705701600,100.98,101.44,WSW,25,14,,59,-20.7,-14.3,-22,,24100,,,4,,,-13.5,-14.3
"2024-01-19 16:00:00 EST",1705698000,100.98,101.44,WSW,25,16,,58,-20.1,-13.4,-21,,48300,,,6,,,-12.7,-13.5
"2024-01-19 15:00:00 EST",1705694400,101.02,101.48,WNW,29,11,,50,-21.3,-12.8,-19,,48300,,,6,,,-12.7,-13.1
"2024-01-19 14:00:00 EST",1705690800,101.06,101.52,NW,30,14,,50,-21.5,-13.1,-20,,48300,,,7,,,-12.8,-13.6
"2024-01-19 13:00:00 EST",1705687200,101.1,101.56,SW,24,6,,51,-21.9,-13.7,-18,,48300,,,8,,,-13.5,-14.2
"2024-01-19 12:00:00 EST",1705683600,101.15,101.61,ENE,8,4,,53,-21.6,-14,-17,,48300,,,8,,,-14,-14.7
"2024-01-19 11:00:00 EST",1705680000,101.24,101.7,ENE,6,6,,56,-21.4,-14.4,-19,,48300,,,6,,,-14.4,-15
"2024-01-19 10:00:00 EST",1705676400,101.31,101.77,NE,4,9,,60,-21.1,-15,-21,,48300,,,7,,,-15,-15.7
"2024-01-19 09:00:00 EST",1705672800,101.37,101.83,NNE,3,13,,63,-21.2,-15.6,-23,,48300,,,7,,,-15.6,-16.2
"2024-01-19 08:00:00 EST",1705669200,101.4,101.86,NNE,2,11,,65,-20.9,-15.7,-22,,48300,,,4,,,-15.2,-15.8
"2024-01-19 07:00:00 EST",1705665600,101.38,101.84,NNE,2,16,,65,-20.4,-15.2,-23,,24100,,,8,,,-14.2,-15.3
"2024-01-19 06:00:00 EST",1705662000,101.35,101.81,NE,5,15,,67,-19.1,-14.2,-22,,24100,,,7,,,-13.9,-14.3
"2024-01-19 05:00:00 EST",1705658400,101.31,101.77,NNE,3,19,,67,-18.9,-13.9,-23,,24100,,,7,,,-13.2,-14
"2024-01-19 04:00:00 EST",1705654800,101.31,101.77,NNE,3,14,,71,-17.4,-13.3,-21,,24100,,,6,,,-11.9,-13.3
"2024-01-19 03:00:00 EST",1705651200,101.31,101.77,NNE,2,18,,72,-16,-11.9,-20,,24100,,,6,,,-10.1,-11.9
"2024-01-19 02:00:00 EST",1705647600,101.29,101.75,NNE,3,23,,73,-14,-10.1,-19,,16100,,,8,,,-9.3,-10.1
"2024-01-19 01:00:00 EST",1705644000,101.27,101.73,N,1,13,,76,-12.8,-9.4,-15,,16100,,,8,,,-9.3,-9.5
"2024-01-19 00:00:00 EST",1705640400,101.27,101.73,N,36,3,,76,-12.9,-9.3,-11,,24100,,,8,,,-9.3,-9.6
"2024-01-18 23:00:00 EST",1705636800,101.25,101.71,N,36,3,,78,-12.7,-9.5,-11,,24100,,,8,,,-9.5,-9.9
"2024-01-18 22:00:00 EST",1705633200,101.18,101.64,NW,32,7,,79,-12.8,-9.7,-14,,24100,,,8,,,-9.2,-9.7
"2024-01-18 21:00:00 EST",1705629600,101.21,101.67,NNW,34,7,,78,-12.5,-9.2,-13,,24100,,,6,,,-8.8,-9.4
"2024-01-18 20:00:00 EST",1705626000,101.2,101.66,WNW,28,8,,74,-12.8,-9,-13,,24100,,,4,,,-8,-9.1
"2024-01-18 19:00:00 EST",1705622400,101.18,101.64,W,27,11,,72,-12.1,-7.9,-13,,24100,,,5,,,-7.5,-8.4
"2024-01-18 18:00:00 EST",1705618800,101.15,101.61,WSW,24,14,,73,-12.4,-8.3,-14,,24100,,,5,,,-7,-8.4
"2024-01-18 17:00:00 EST",1705615200,101.12,101.58,W,27,12,,66,-12.3,-7,-12,,24100,,,6,,,-6.8,-7.1
"2024-01-18 16:00:00 EST",1705611600,101.09,101.55,SW,24,19,,64,-12.5,-6.8,-14,,24100,,,7,,,-6.6,-6.8
"2024-01-18 15:00:00 EST",1705608000,101.08,101.54,WSW,24,16,,58,-13.5,-6.6,-13,,24100,,,8,,,-6.5,-6.7
"2024-01-18 14:00:00 EST",1705604400,101.07,101.53,WSW,24,11,,61,-13,-6.6,-12,,24100,,,8,,,-6.6,-7.3
"2024-01-18 13:00:00 EST",1705600800,101.06,101.52,SW,23,18,,63,-13.4,-7.4,-14,,24100,,,7,,,-7.3,-8
"2024-01-18 12:00:00 EST",1705597200,101.12,101.58,WSW,24,17,,64,-13.6,-7.8,-14,,24100,,,5,,,-7.8,-8.3
"2024-01-18 11:00:00 EST",1705593600,101.19,101.65,SW,23,18,,65,-13.8,-8.3,-15,,24100,,,8,,,-8.3,-8.7
"2024-01-18 10:00:00 EST",1705590000,101.17,101.63,WSW,25,15,,67,-13.8,-8.7,-15,,24100,,,8,,,-8.7,-9.3
"2024-01-18 09:00:00 EST",1705586400,101.12,101.58,WSW,24,13,,67,-14.2,-9.2,-15,,24100,,,8,,,-9.2,-9.6
"2024-01-18 08:00:00 EST",1705582800,101.04,101.5,WSW,25,19,,69,-14.1,-9.3,-17,,24100,,,8,,,-9.3,-9.6
"2024-01-18 07:00:00 EST",1705579200,100.99,101.45,SW,24,18,,68,-14.5,-9.6,-17,,24100,,,8,,,-9.6,-10.3
"2024-01-18 06:00:00 EST",1705575600,100.95,101.41,WSW,24,13,,68,-15,-10.2,-16,,24100,,,8,,,-10.2,-11.1
"2024-01-18 05:00:00 EST",1705572000,100.91,101.37,W,26,16,,68,-15.2,-10.4,-17,,24100,,,8,,,-10,-10.4
"2024-01-18 04:00:00 EST",1705568400,100.89,101.35,WSW,25,16,,65,-15.3,-10,-17,,24100,,,8,,,-9.9,-10.3
"2024-01-18 03:00:00 EST",1705564800,100.87,101.33,SW,23,14,,65,-15.7,-10.3,-17,,24100,,,8,,,-10.3,-11
"2024-01-18 02:00:00 EST",1705561200,100.8,101.26,WSW,24,14,,65,-16.3,-10.9,-18,,24100,,,3,,,-9.7,-10.9
"2024-01-18 01:00:00 EST",1705557600,100.72,101.18,WSW,25,22,,62,-15.7,-9.7,-18,,24100,,,8,,,-9.5,-9.9
"2024-01-18 00:00:00 EST",1705554000,100.68,101.14,WSW,24,26,38,61,-15.9,-9.7,-19,,24100,,,6,,,-9.2,-9.7
"2024-01-17 23:00:00 EST",1705550400,100.63,101.09,WSW,24,34,33,60,-15.7,-9.2,-19,,24100,,,7,,,-8.7,-9.2
"2024-01-17 22:00:00 EST",1705546800,100.62,101.08,WSW,25,31,44,57,-15.8,-8.6,-18,,24100,,,7,,,-8.4,-8.7
"2024-01-17 21:00:00 EST",1705543200,100.59,101.05,WSW,25,27,28,56,-15.9,-8.6,-17,,24100,,,7,,,-8.6,-9.6
"2024-01-17 20:00:00 EST",1705539600,100.56,101.02,SW,23,13,,60,-16,-9.6,-16,,24100,,,8,,,-9.6,-10.1
"2024-01-17 19:00:00 EST",1705536000,100.54,101,N,36,3,,57,-16.8,-9.8,-12,,24100,,,8,,,-9.8,-10.2
"2024-01-17 18:00:00 EST",1705532400,100.48,100.94,WSW,25,12,,58,-16.6,-9.8,-16,,24100,,,6,,,-9.1,-9.9
"2024-01-17 17:00:00 EST",1705528800,100.42,100.88,WSW,25,19,29,57,-16.2,-9.1,-17,,24100,,,8,,,-8.7,-9.1
"2024-01-17 16:00:00 EST",1705525200,100.39,100.85,WSW,24,25,37,56,-15.9,-8.7,-17,,24100,,,8,,,-8.6,-8.8
"2024-01-17 15:00:00 EST",1705521600,100.33,100.79,WSW,24,32,42,57,-15.7,-8.6,-18,,24100,,,8,,,-8.5,-9
"2024-01-17 14:00:00 EST",1705518000,100.33,100.79,WSW,24,35,47,58,-15.9,-9.1,-19,,48300,,,6,,,-8.9,-9.4
"2024-01-17 13:00:00 EST",1705514400,100.35,100.81,WSW,25,40,57,58,-15.8,-8.9,-19,,48300,,,5,,,-8.8,-9.8
"2024-01-17 12:00:00 EST",1705510800,100.4,100.86,WSW,26,28,42,65,-15.3,-9.9,-19,,24100,,,5,,,-9.6,-10.6
"2024-01-17 11:00:00 EST",1705507200,100.47,100.93,WSW,24,28,,72,-14.7,-10.5,-20,,48300,,,4,,,-10.5,-11.7
"2024-01-17 10:00:00 EST",1705503600,100.48,100.94,WSW,24,16,30,75,-15.4,-11.7,-19,,48300,,,6,,,-11.7,-12.5
"2024-01-17 09:00:00 EST",1705500000,100.47,100.93,WSW,25,21,,79,-15.4,-12.5,-21,,48300,,,3,,,-12.5,-13.8
"2024-01-17 08:00:00 EST",1705496400,100.46,100.92,WSW,25,15,,81,-16.4,-13.7,-21,,48300,,,6,,,-13.4,-14.2
"2024-01-17 07:00:00 EST",1705492800,100.43,100.89,WSW,25,14,,81,-16.1,-13.5,-21,,24100,,,5,,,-13.3,-13.8
"2024-01-17 06:00:00 EST",1705489200,100.42,100.88,WSW,25,16,,84,-15.8,-13.6,-21,,24100,,,5,,,-13.3,-14.2
"2024-01-17 05:00:00 EST",1705485600,100.44,100.9,WSW,25,14,,85,-15.5,-13.4,-21,,24100,,,2,,,-13.4,-14.1
"2024-01-17 04:00:00 EST",1705482000,100.44,100.9,WSW,24,13,,85,-15.8,-13.8,-21,,24100,,,1,,,-13,-13.8
"2024-01-17 03:00:00 EST",1705478400,100.46,100.92,WSW,24,14,,86,-15.5,-13.6,-21,,24100,,,3,,,-12.4,-13.6
"2024-01-17 02:00:00 EST",1705474800,100.44,100.9,WSW,26,13,,87,-14.4,-12.6,-19,,24100,,,1,,,-11.1,-12.6
"2024-01-17 01:00:00 EST",1705471200,100.35,100.8,W,27,16,,87,-12.8,-11.1,-18,,24100,,,1,,,-10.4,-11.1
"2024-01-17 00:00:00 EST",1705467600,100.4,100.85,W,27,16,,87,-12.1,-10.4,-17,,24100,,,1,,,-9.5,-10.8
"2024-01-16 23:00:00 EST",1705464000,100.46,100.91,W,27,14,,89,-11.3,-9.8,-16,,24100,,,6,,,-9.6,-11.3
"2024-01-16 22:00:00 EST",1705460400,100.47,100.92,W,27,12,,89,-12.2,-10.7,-17,,24100,,,3,,,-9.4,-11.5
"2024-01-16 21:00:00 EST",1705456800,100.5,100.95,W,27,8,,89,-11.2,-9.8,-14,,24100,,,7,,,-8.6,-10.4
"2024-01-16 20:00:00 EST",1705453200,100.52,100.97,WNW,28,11,,88,-11,-9.3,-15,,16100,,,7,,,-8.4,-9.4
"2024-01-16 19:00:00 EST",1705449600,100.54,100.99,WNW,29,6,,87,-10.2,-8.4,-12,,19300,,,8,,,-7.5,-8.4
"2024-01-16 18:00:00 EST",1705446000,100.53,100.98,NNW,33,10,,86,-9.6,-7.7,-13,,4000,,,8,,,-7.5,-7.8
"2024-01-16 17:00:00 EST",1705442400,100.56,101.01,NNW,34,12,,86,-9.6,-7.6,-13,,3200,,,8,,,-7.3,-7.7
"2024-01-16 16:00:00 EST",1705438800,100.55,101,NNW,35,16,,85,-9.4,-7.3,-14,,2800,,,8,,,-6.2,-7.3
"2024-01-16 15:00:00 EST",1705435200,100.59,101.04,NNE,1,15,,86,-9.1,-7.1,-13,,2000,,,8,,,-6.1,-7.1
"2024-01-16 14:00:00 EST",1705431600,100.62,101.07,NNE,3,5,,83,-8.7,-6.2,-9,,2000,,,8,,,-6.1,-6.4
"2024-01-16 13:00:00 EST",1705428000,100.67,101.12,ENE,7,10,,83,-8.9,-6.5,-11,,4000,,,8,,,-6.3,-6.8
"2024-01-16 12:00:00 EST",1705424400,100.83,101.28,ENE,7,11,,82,-9.2,-6.7,-12,,2400,,,8,,,-6.6,-6.8
"2024-01-16 11:00:00 EST",1705420800,101.03,101.49,E,9,10,,77,-10.1,-6.7,-11,,3200,,,8,,,-6.3,-6.8
"2024-01-16 10:00:00 EST",1705417200,101.12,101.58,ESE,11,14,,65,-12.1,-6.5,-12,,12900,,,8,,,-6.3,-6.7
"2024-01-16 09:00:00 EST",1705413600,101.19,101.65,ESE,12,10,,67,-11.7,-6.4,-11,,24100,,,8,,,-6.4,-7.5
"2024-01-16 08:00:00 EST",1705410000,101.27,101.73,N,36,8,,79,-10.5,-7.4,-11,,24100,,,8,,,-7.3,-8.1
"2024-01-16 07:00:00 EST",1705406400,101.36,101.82,NNE,3,6,,78,-11.2,-8,-11,,24100,,,8,,,-7.9,-8.4
"2024-01-16 06:00:00 EST",1705402800,101.32,101.78,N,36,6,,77,-11.4,-8.1,-11,,24100,,,8,,,-7.8,-8.2
"2024-01-16 05:00:00 EST",1705399200,101.41,101.87,NNW,34,4,,81,-10.8,-8.1,-10,,24100,,,8,,,-7.7,-8.2
"2024-01-16 04:00:00 EST",1705395600,101.48,101.94,N,36,2,,80,-10.6,-7.7,-9,,24100,,,8,,,-7.7,-7.8
"2024-01-16 03:00:00 EST",1705392000,101.5,101.96,NW,31,4,,79,-10.8,-7.8,-10,,24100,,,8,,,-7.3,-7.8
"2024-01-16 02:00:00 EST",1705388400,101.57,102.03,WNW,29,5,,71,-12.1,-7.7,-10,,24100,,,8,,,-6.9,-7.8
"2024-01-16 01:00:00 EST",1705384800,101.57,102.03,SW,22,9,,64,-12.7,-6.9,-11,,24100,,,8,,,-6.6,-7.2
"2024-01-16 00:00:00 EST",1705381200,101.59,102.05,S,17,14,,65,-12.7,-7.2,-13,,24100,,,8,,,-6.6,-7.2
"2024-01-15 23:00:00 EST",1705377600,101.57,102.03,SW,23,19,28,66,-12.5,-7.1,-14,,24100,,,6,,,-6.2,-7.1
"2024-01-15 22:00:00 EST",1705374000,101.6,102.06,SW,23,29,32,65,-12,-6.4,-15,,16100,,,8,,,-6.2,-6.4
"2024-01-15 21:00:00 EST",1705370400,101.59,102.05,SW,22,27,37,69,-10.9,-6.2,-14,,12900,,,8,,,-5.5,-6.5
"2024-01-15 20:00:00 EST",1705366800,101.57,102.03,SW,21,28,30,67,-10.9,-5.8,-14,,6400,,,8,,,-5.4,-5.8
"2024-01-15 19:00:00 EST",1705363200,101.57,102.03,SW,21,35,51,67,-10.7,-5.5,-14,,16100,,,8,,,-5.4,-6
"2024-01-15 18:00:00 EST",1705359600,101.56,102.02,SW,22,33,46,65,-11.4,-5.7,-14,,24100,,,3,,,-5.2,-5.7
"2024-01-15 17:00:00 EST",1705356000,101.53,101.99,SW,22,33,44,64,-11.2,-5.3,-14,,24100,,,7,,,-5.1,-5.6
"2024-01-15 16:00:00 EST",1705352400,101.49,101.95,SW,22,31,44,64,-10.9,-5.2,-13,,24100,,,7,,,-5.2,-5.4
"2024-01-15 15:00:00 EST",1705348800,101.47,101.93,SW,22,35,34,67,-10.7,-5.4,-14,,24100,,,7,,,-5.1,-5.7
"2024-01-15 14:00:00 EST",1705345200,101.44,101.9,SW,23,23,,67,-10.9,-5.7,-13,,24100,,,7,,,-5.7,-6
"2024-01-15 13:00:00 EST",1705341600,101.44,101.9,WSW,24,27,27,66,-11.2,-5.9,-14,,24100,,,7,,,-5.8,-6.4
"2024-01-15 12:00:00 EST",1705338000,101.47,101.93,WSW,24,29,49,68,-11.1,-6.1,-14,,24100,,,5,,,-6.1,-6.4
"2024-01-15 11:00:00 EST",1705334400,101.51,101.97,SW,22,31,30,72,-10.5,-6.3,-15,,24100,,,7,,,-6.3,-6.5
"2024-01-15 10:00:00 EST",1705330800,101.47,101.93,SW,23,30,43,74,-10.3,-6.5,-15,,24100,,,7,,,-6.3,-6.7
"2024-01-15 09:00:00 EST",1705327200,101.42,101.88,SW,22,32,35,72,-10.5,-6.3,-15,,24100,,,8,,,-6.3,-6.9
"2024-01-15 08:00:00 EST",1705323600,101.37,101.83,WSW,23,22,,66,-12.2,-6.9,-14,,24100,,,8,,,-6.9,-7
"2024-01-15 07:00:00 EST",1705320000,101.34,101.8,WSW,23,23,,70,-11.6,-6.9,-14,,24100,,,8,,,-6.9,-7.3
"2024-01-15 06:00:00 EST",1705316400,101.27,101.73,WSW,24,21,30,68,-12.2,-7.3,-15,,24100,,,8,,,-7.2,-7.4
"2024-01-15 05:00:00 EST",1705312800,101.25,101.65,WSW,24,17,28,65,-12.2,-6.8,-13,,,,,,,,-6.4,-6.9
"2024-01-15 04:00:00 EST",1705309200,101.19,101.64,SW,23,31,34,66,-12.2,-6.9,-16,,24100,,,8,,,-6.6,-7.4
"2024-01-15 03:00:00 EST",1705305600,101.15,101.6,WSW,23,8,,63,-13.2,-7.3,-11,,24100,,,7,,,-7,-7.4
"2024-01-15 02:00:00 EST",1705302000,101.05,101.5,WNW,28,22,34,61,-13.4,-7,-14,,24100,,,8,,,-6.8,-7
"2024-01-15 01:00:00 EST",1705298400,100.99,101.44,W,25,29,42,65,-12.4,-6.9,-15,,24100,,,7,,,-6.7,-7
"2024-01-15 00:00:00 EST",1705294800,100.91,101.36,W,26,20,,66,-12.3,-6.9,-14,,24100,,,6,,,-6.2,-6.9
"2024-01-14 23:00:00 EST",1705291200,100.83,101.28,W,27,18,,66,-11.9,-6.5,-13,,9700,,,8,,,-6.2,-6.6
"2024-01-14 22:00:00 EST",1705287600,100.7,101.15,W,26,24,35,73,-10.5,-6.4,-14,,9700,,,7,,,-5.1,-6.6
"2024-01-14 21:00:00 EST",1705284000,100.59,101.04,W,27,32,46,82,-8.7,-6.1,-15,,1200,,,6,,,-4.9,-6.1
"2024-01-14 20:00:00 EST",1705280400,100.45,100.9,WSW,25,34,58,76,-8.6,-5,-13,,4000,,,8,,,-4.9,-5.3
"2024-01-14 19:00:00 EST",1705276800,100.32,100.77,SW,23,31,43,87,-7,-5.2,-13,,4800,,,8,,,-3.7,-5.2
"2024-01-14 18:00:00 EST",1705273200,100.18,100.63,W,26,22,42,86,-6.6,-4.5,-11,,1000,,,,,,-3.7,-4.5
"2024-01-14 17:00:00 EST",1705269600,100.04,100.49,WSW,24,31,31,79,-7.3,-4.1,-12,,24100,,,8,,,-2.8,-4.3
"2024-01-14 16:00:00 EST",1705266000,99.93,100.38,WSW,24,29,40,79,-7,-3.9,-11,,1200,,,5,,,-2.8,-3.9
"2024-01-14 15:00:00 EST",1705262400,99.78,100.23,WSW,24,39,53,81,-6.5,-3.7,-12,,4800,,,7,,,-1.9,-3.7
"2024-01-14 14:00:00 EST",1705258800,99.63,100.08,SW,23,31,53,63,-8,-1.9,-9,,24100,,,3,,,-1.9,-3
"2024-01-14 13:00:00 EST",1705255200,99.58,100.03,SW,23,28,45,77,-6.4,-3,-10,,24100,,,8,,,-2.3,-3.6
"2024-01-14 12:00:00 EST",1705251600,99.58,100.03,WSW,24,31,40,69,-7.5,-2.6,-10,,24100,,,8,,,-2.3,-2.6
"2024-01-14 11:00:00 EST",1705248000,99.6,100.04,SW,22,40,51,68,-7.7,-2.5,-11,,24100,,,8,,,-2,-2.5
"2024-01-14 10:00:00 EST",1705244400,99.6,100.04,SSW,20,26,45,62,-8.3,-2.1,-9,,24100,,,8,,,-2.1,-2.2
"2024-01-14 09:00:00 EST",1705240800,99.6,100.04,SW,21,28,42,59,-9.2,-2.2,-9,,24100,,,8,,,-2.2,-2.5
"2024-01-14 08:00:00 EST",1705237200,99.53,99.97,SW,23,37,46,62,-8.9,-2.5,-10,,24100,,,7,,,-2.5,-3.2
"2024-01-14 07:00:00 EST",1705233600,99.51,99.95,SW,22,37,51,61,-9.2,-2.6,-11,,24100,,,3,,,-2.4,-2.9
"2024-01-14 06:00:00 EST",1705230000,99.53,99.97,WSW,24,29,40,60,-9.6,-2.8,-10,,24100,,,7,,,-2.7,-3.2
"2024-01-14 05:00:00 EST",1705226400,99.49,99.93,WSW,25,57,73,62,-9.5,-3.2,-13,,24100,,,5,,,-3.1,-3.6
"2024-01-14 04:00:00 EST",1705222800,99.43,99.87,WSW,24,43,57,66,-9.1,-3.6,-12,,19300,,,7,,,-3,-4.2
"2024-01-14 03:00:00 EST",1705219200,99.34,99.78,WSW,24,48,66,78,-7.1,-3.8,-13,,9700,,,8,,,-2.2,-3.8
"2024-01-14 02:00:00 EST",1705215600,99.19,99.63,SW,23,28,43,76,-6.4,-2.8,-10,,12900,,,6,,,-2.1,-3
"2024-01-14 01:00:00 EST",1705212000,99.04,99.48,WSW,24,37,51,69,-7.2,-2.2,-10,,16100,,,8,,,-1.9,-2.5
"2024-01-14 00:00:00 EST",1705208400,98.9,99.34,WSW,24,52,72,87,-4.3,-2.5,-12,,4800,,,6,,,-0.1,-2.5
"2024-01-13 23:00:00 EST",1705204800,98.78,99.22,SW,22,52,66,87,-2.6,-0.8,-9,,6400,,,8,,,-0.1,-0.8
"2024-01-13 22:00:00 EST",1705201200,98.7,99.14,SW,22,31,30,90,-1.6,-0.2,-7,,6400,,,8,,,0.7,-0.4
"2024-01-13 21:00:00 EST",1705197600,98.62,99.06,SW,22,40,42,84,-2.2,0.2,,,6400,,,8,,,0.7,0.2
"2024-01-13 20:00:00 EST",1705194000,98.55,98.99,SW,23,32,43,78,-2.8,0.6,,,16100,,,8,,,0.7,0.4
"2024-01-13 19:00:00 EST",1705190400,98.53,98.97,SW,23,36,53,76,-3.1,0.7,,,24100,,,8,,,1.1,0.7
"2024-01-13 18:00:00 EST",1705186800,98.39,98.83,WSW,23,42,43,75,-2.9,1,,,24100,,,7,,,1.3,1
"2024-01-13 17:00:00 EST",1705183200,98.32,98.76,WSW,23,50,61,84,-1.3,1.2,,,24100,,,8,,,1.2,-2.1
"2024-01-13 16:00:00 EST",1705179600,98.24,98.68,NW,31,5,,94,-2.8,-1.9,-4,,24100,,,8,,,-1,-2
"2024-01-13 15:00:00 EST",1705176000,98.15,98.59,WNW,29,13,,94,-2.3,-1.4,-6,,1200,,,6,,,-0.7,-1.5
"2024-01-13 14:00:00 EST",1705172400,98.05,98.49,N,1,12,,93,-1.9,-1,-5,,4800,,,8,,,-0.7,-1
"2024-01-13 13:00:00 EST",1705168800,98.02,98.46,NNE,3,28,,93,-1.7,-0.7,-7,,4800,,,8,,,-0.7,-1.1
"2024-01-13 12:00:00 EST",1705165200,98.16,98.6,NNE,3,30,,94,-1.8,-1,-8,,4000,,,8,,,0.4,-1.1
"2024-01-13 11:00:00 EST",1705161600,98.38,98.82,NE,4,28,,95,-0.4,0.4,,,3200,,,8,,,0.4,-1
"2024-01-13 10:00:00 EST",1705158000,98.52,98.96,NE,4,28,,94,-0.5,0.3,,,1600,,,8,,,1.2,-1.3
"2024-01-13 09:00:00 EST",1705154400,98.7,99.14,NNE,2,24,,92,-2.2,-1.1,-7,,4000,,,8,,,1.7,-1.3
"2024-01-13 08:00:00 EST",1705150800,98.82,99.26,ENE,5,27,37,89,-0.6,1,,,4800,,,8,,,1.8,0.9
"2024-01-13 07:00:00 EST",1705147200,98.99,99.43,ENE,7,26,,77,-1.8,1.8,,,16100,,,8,,,1.8,1.3
"2024-01-13 06:00:00 EST",1705143600,99.13,99.57,ENE,6,33,43,75,-2.6,1.3,,,9700,,,8,,,1.3,-0.1
"2024-01-13 05:00:00 EST",1705140000,99.4,99.84,ENE,6,32,48,88,-1.8,-0.1,-7,,9700,,,8,,,-0.1,-4.1
"2024-01-13 04:00:00 EST",1705136400,99.65,100.1,NE,4,33,,90,-4.8,-3.4,-11,,4000,,,6,,,-3.4,-5.9
"2024-01-13 03:00:00 EST",1705132800,99.99,100.44,NE,4,31,50,86,-7.2,-5.3,-14,,2400,,,,,,-5.3,-6.7
"2024-01-13 02:00:00 EST",1705129200,100.3,100.75,NE,4,42,43,79,-9.2,-6.2,-16,,6400,,,6,,,-6.2,-7
"2024-01-13 01:00:00 EST",1705125600,100.6,101.05,NE,3,36,51,79,-9.9,-7,-16,,3200,,,4,,,-6,-7
"2024-01-13 00:00:00 EST",1705122000,100.95,101.4,NE,3,24,27,70,-10.7,-6,-13,,24100,,,8,,,-6,-6.3
"2024-01-12 23:00:00 EST",1705118400,100.83,101.28,NE,4,40,49,69,-11.1,-6.3,-16,,24100,,,8,,,-5.6,-6.3
"2024-01-12 22:00:00 EST",1705114800,101.11,101.56,NE,5,32,42,64,-11.4,-5.6,-14,,24100,,,8,,,-5.6,-5.9
"2024-01-12 21:00:00 EST",1705111200,101.18,101.64,NE,3,32,42,65,-11.5,-5.8,-14,,24100,,,8,,,-5.4,-5.9
"2024-01-12 20:00:00 EST",1705107600,101.27,101.73,ENE,5,33,35,64,-11.3,-5.5,-14,,24100,,,8,,,-5.4,-5.5
"2024-01-12 19:00:00 EST",1705104000,101.29,101.75,NE,4,26,30,66,-10.9,-5.4,-13,,24100,,,8,,,-5,-5.4
"2024-01-12 18:00:00 EST",1705100400,101.48,101.94,ENE,6,18,,60,-11.7,-5,-11,,24100,,,4,,,-4.8,-5.2
"2024-01-12 17:00:00 EST",1705096800,101.66,102.12,ENE,7,14,,55,-12.5,-4.8,-10,,24100,,,2,,,-4.4,-5
"2024-01-12 16:00:00 EST",1705093200,101.69,102.15,E,8,11,,57,-11.7,-4.4,-9,,48300,,,2,,,-3.8,-4.5
"2024-01-12 15:00:00 EST",1705089600,101.68,102.14,ENE,7,7,,55,-11.8,-3.9,-7,,48300,,,4,,,-3.8,-4.1
"2024-01-12 14:00:00 EST",1705086000,101.8,102.26,,36,1,,53,-12.1,-3.8,-4,,48300,,,3,,,-3.7,-4.5
"2024-01-12 13:00:00 EST",1705082400,101.83,102.29,S,17,3,,55,-12,-4.2,-5,,48300,,,2,,,-4.1,-4.8
"2024-01-12 12:00:00 EST",1705078800,101.92,102.38,,36,2,,57,-11.8,-4.5,-5,,24100,,,3,,,-4.3,-5.5
"2024-01-12 11:00:00 EST",1705075200,102.01,102.47,,36,2,,60,-12,-5.5,-6,,24100,,,2,,,-5.5,-6.4
"2024-01-12 10:00:00 EST",1705071600,101.97,102.43,NNW,32,11,,64,-12.1,-6.4,-11,,24100,,,1,,,-6.3,-7
"2024-01-12 09:00:00 EST",1705068000,101.94,102.4,WNW,28,10,,68,-12,-7,-12,,24100,,,2,,,-7,-7.7
"2024-01-12 08:00:00 EST",1705064400,101.9,102.36,W,27,13,,72,-11.9,-7.7,-13,,24100,,,2,,,-7.3,-8
"2024-01-12 07:00:00 EST",1705060800,101.68,102.14,NW,30,9,,67,-12.6,-7.4,-12,,24100,,,3,,,-6.8,-7.4
"2024-01-12 06:00:00 EST",1705057200,101.67,102.08,NW,30,6,,69,-11.6,-6.8,-10,,,,,,,,-6.7,-7
"2024-01-12 05:00:00 EST",1705053600,101.57,102.03,WNW,28,12,,66,-12.1,-6.8,-12,,24100,,,8,,,-6.6,-6.8
"2024-01-12 04:00:00 EST",1705050000,101.52,101.98,WNW,28,12,,67,-11.8,-6.6,-12,,24100,,,8,,,-6.2,-6.6
"2024-01-12 03:00:00 EST",1705046400,101.43,101.89,WNW,28,11,,67,-11.4,-6.2,-11,,24100,,,8,,,-5.9,-6.2
"2024-01-12 02:00:00 EST",1705042800,101.29,101.74,W,27,14,,75,-9.6,-5.9,-11,,24100,,,8,,,-5.8,-5.9
"2024-01-12 01:00:00 EST",1705039200,101.19,101.64,W,26,14,,84,-8.1,-5.9,-11,,24100,,,8,,,-5.8,-6.6
"2024-01-12 00:00:00 EST",1705035600,101.08,101.53,WSW,25,11,,87,-8.5,-6.7,-12,,24100,,,8,,,-6.2,-6.9
"2024-01-11 23:00:00 EST",1705032000,100.97,101.42,WSW,24,12,,85,-8.3,-6.2,-11,,24100,,,6,,,-5.5,-6.2
"2024-01-11 22:00:00 EST",1705028400,100.88,101.33,WSW,25,10,,84,-8,-5.6,-10,,24100,,,8,,,-5.3,-5.6
"2024-01-11 21:00:00 EST",1705024800,100.84,101.29,WSW,24,11,,83,-7.8,-5.5,-10,,12900,,,8,,,-5.3,-5.5
"2024-01-11 20:00:00 EST",1705021200,100.78,101.23,WSW,25,10,,84,-7.6,-5.3,-10,,16100,,,8,,,-5.3,-5.4
"2024-01-11 19:00:00 EST",1705017600,100.72,101.17,WSW,23,11,,85,-7.5,-5.3,-10,,16100,,,8,,,-5.2,-5.5
"2024-01-11 18:00:00 EST",1705014000,100.65,101.1,WSW,24,12,,86,-7.5,-5.5,-10,,11300,,,8,,,-5,-5.6
"2024-01-11 17:00:00 EST",1705010400,100.61,101.06,W,25,11,,84,-7.6,-5.3,-10,,3200,,,8,,,-4.8,-5.4
"2024-01-11 16:00:00 EST",1705006800,100.52,100.97,WSW,25,18,,76,-8.7,-5.1,-11,,16100,,,8,,,-4.3,-5.1
"2024-01-11 15:00:00 EST",1705003200,100.41,100.86,WSW,25,14,,65,-10,-4.4,-10,,24100,,,8,,,-4.3,-4.5
"2024-01-11 14:00:00 EST",1704999600,100.32,100.77,WNW,28,16,,63,-10.2,-4.3,-10,,24100,,,8,,,-4.3,-4.8
"2024-01-11 13:00:00 EST",1704996000,100.32,100.77,WNW,28,17,,64,-10.6,-4.8,-11,,48300,,,8,,,-4.7,-5.2
"2024-01-11 12:00:00 EST",1704992400,100.34,100.79,W,26,16,,65,-10.8,-5.2,-11,,24100,,,8,,,-5.1,-5.5
"2024-01-11 11:00:00 EST",1704988800,100.37,100.82,W,26,15,,65,-10.9,-5.3,-11,,24100,,,8,,,-5.2,-5.6
"2024-01-11 10:00:00 EST",1704985200,100.38,100.83,WNW,28,21,31,64,-11.3,-5.5,-12,,24100,,,8,,,-5.2,-5.5
"2024-01-11 09:00:00 EST",1704981600,100.33,100.78,W,26,23,36,65,-11.2,-5.5,-13,,24100,,,7,,,-5.3,-5.6
"2024-01-11 08:00:00 EST",1704978000,100.26,100.71,WSW,24,17,,67,-10.6,-5.4,-11,,24100,,,5,,,-5,-5.4
"2024-01-11 07:00:00 EST",1704974400,100.18,100.63,W,26,26,39,63,-10.9,-4.9,-12,,24100,,,2,,,-4.2,-4.9
"2024-01-11 06:00:00 EST",1704970800,100.11,100.56,WSW,25,21,37,65,-9.8,-4.2,-11,,24100,,,5,,,-4.1,-4.2
"2024-01-11 05:00:00 EST",1704967200,100,100.45,W,26,26,40,63,-10.1,-4.1,-11,,24100,,,7,,,-4,-4.2
"2024-01-11 04:00:00 EST",1704963600,99.93,100.37,W,26,35,51,62,-10.3,-4,-12,,24100,,,7,,,-3.6,-4
"2024-01-11 03:00:00 EST",1704960000,99.86,100.3,W,26,33,41,64,-9.5,-3.6,-12,,24100,,,7,,,-3.3,-3.6
"2024-01-11 02:00:00 EST",1704956400,99.72,100.16,W,26,31,46,63,-9.4,-3.3,-11,,24100,,,8,,,-2.8,-3.3
"2024-01-11 01:00:00 EST",1704952800,99.53,99.97,WSW,25,39,48,64,-8.7,-2.8,-11,,24100,,,7,,,-1.6,-2.8
"2024-01-11 00:00:00 EST",1704949200,99.36,99.8,WSW,25,34,56,68,-6.8,-1.5,-9,,24100,,,8,,,-0.5,-1.5
"2024-01-10 23:00:00 EST",1704945600,99.24,99.68,WSW,24,32,48,73,-4.6,-0.4,-7,,24100,,,8,,,0.8,-0.4
"2024-01-10 22:00:00 EST",1704942000,99.07,99.51,WSW,24,38,54,78,-2.6,0.8,,,24100,,,8,,,1.2,0.8
"2024-01-10 21:00:00 EST",1704938400,98.91,99.35,SW,23,48,61,79,-2.2,1.2,,,24100,,,8,,,1.5,1.1
"2024-01-10 20:00:00 EST",1704934800,98.76,99.2,SW,23,46,57,77,-2.2,1.5,,,24100,,,8,,,2.1,1.4
"2024-01-10 19:00:00 EST",1704931200,98.63,99.07,WSW,23,44,66,74,-2.2,2,,,24100,,,8,,,3.2,1.9
"2024-01-10 18:00:00 EST",1704927600,98.44,98.88,SW,23,30,35,78,-0.8,2.7,,,24100,,,8,,,3.4,2.7
"2024-01-10 17:00:00 EST",1704924000,98.29,98.72,SW,22,30,41,75,-0.6,3.3,,,24100,,,8,,,4.2,3.2
"2024-01-10 16:00:00 EST",1704920400,98.14,98.57,SW,23,40,51,71,-0.5,4.2,,,24100,,,5,,,5.4,4.2
"2024-01-10 15:00:00 EST",1704916800,97.94,98.37,WSW,24,40,60,64,-0.8,5.4,,,24100,,,3,,,5.8,5.1
"2024-01-10 14:00:00 EST",1704913200,97.84,98.27,WSW,24,26,42,71,0.5,5.4,,,24100,,,7,,,5.5,4.8
"2024-01-10 13:00:00 EST",1704909600,97.75,98.18,WSW,24,31,47,75,1.1,5.2,,,24100,,,7,,,5.4,3.7
"2024-01-10 12:00:00 EST",1704906000,97.71,98.14,WSW,24,25,,94,2.7,3.7,,,24100,,,8,,,3.7,1.4
"2024-01-10 11:00:00 EST",1704902400,97.71,98.14,,36,3,,96,0.9,1.5,,,16100,,,8,,,1.7,1.2
"2024-01-10 10:00:00 EST",1704898800,97.67,98.1,WNW,29,9,,96,1,1.5,,,9700,,,8,,,1.8,1.3
"2024-01-10 09:00:00 EST",1704895200,97.68,98.11,NW,30,9,,96,0.8,1.4,,,8100,,,8,,,2,1.4
"2024-01-10 08:00:00 EST",1704891600,97.64,98.08,NNW,34,9,,96,1.2,1.8,,,9700,,,8,,,2,1.3
"2024-01-10 07:00:00 EST",1704888000,97.66,98.1,NE,4,17,,95,0.5,1.3,,,12900,,,8,,,1.7,1.2
"2024-01-10 06:00:00 EST",1704884400,97.7,98.14,NE,4,18,,93,0.1,1.2,,,9700,,,8,,,2.5,1.2
"2024-01-10 05:00:00 EST",1704880800,97.76,98.2,N,0,14,,80,-0.6,2.4,,,24100,,,8,,,5.4,2.4
"2024-01-10 04:00:00 EST",1704877200,97.9,98.34,E,8,15,,74,0.9,5,,,24100,,,8,,,5.1,3
"2024-01-10 03:00:00 EST",1704873600,98.2,98.64,ENE,5,26,39,80,0.2,3.3,,,24100,,,8,,,3.7,2.4
"2024-01-10 02:00:00 EST",1704870000,98.48,98.92,ENE,7,22,,88,0.8,2.7,,,24100,,,8,,,2.7,1.8
"2024-01-10 01:00:00 EST",1704866400,98.71,99.15,ENE,7,22,33,90,0.4,1.9,,,19300,,,8,,,1.9,0.7
"2024-01-10 00:00:00 EST",1704862800,99.05,99.49,ENE,7,24,37,90,-0.3,1.1,,,16100,,,8,,,1.1,0
"2024-01-09 23:00:00 EST",1704859200,99.35,99.79,ENE,7,28,,91,-1.3,0,-6,,11300,,,8,,,0.2,-0.2
"2024-01-09 22:00:00 EST",1704855600,99.59,100.04,ENE,7,31,45,92,-1.1,0.1,,,9700,,,8,,,0.1,-0.6
"2024-01-09 21:00:00 EST",1704852000,99.95,100.4,ENE,7,27,40,93,-1.4,-0.4,-7,,2000,,,8,,,-0.4,-3.7
"2024-01-09 20:00:00 EST",1704848400,100.19,100.64,NE,5,22,,92,-3.8,-2.8,-9,,2000,,,8,,,-2.8,-4.5
"2024-01-09 19:00:00 EST",1704844800,100.49,100.94,NE,4,23,35,91,-5.8,-4.5,-11,,1200,,,,,,-4.5,-6.3
"2024-01-09 18:00:00 EST",1704841200,100.69,101.14,NE,4,29,,88,-7.1,-5.5,-14,,2000,,,6,,,-5.5,-7
"2024-01-09 17:00:00 EST",1704837600,100.89,101.34,NE,4,32,,88,-8.3,-6.7,-15,,2000,,,8,,,-6.7,-7.2
"2024-01-09 16:00:00 EST",1704834000,101.12,101.58,NE,4,28,39,85,-9.2,-7.1,-15,,1600,,,6,,,-6.9,-7.3
"2024-01-09 15:00:00 EST",1704830400,101.35,101.81,NE,4,29,40,79,-10,-7,-15,,24100,,,8,,,-7,-7.3
"2024-01-09 14:00:00 EST",1704826800,101.5,101.96,NNE,3,31,,78,-10.4,-7.2,-16,,24100,,,8,,,-7.1,-7.3
"2024-01-09 13:00:00 EST",1704823200,101.71,102.17,NNE,3,22,37,77,-10.5,-7.1,-15,,24100,,,8,,,-6.9,-7.3
"2024-01-09 12:00:00 EST",1704819600,101.88,102.34,NE,4,22,,76,-10.8,-7.3,-15,,24100,,,8,,,-6.9,-7.3
"2024-01-09 11:00:00 EST",1704816000,102.1,102.56,NNE,3,22,,77,-10.3,-6.9,-14,,24100,,,8,,,-6.6,-6.9
"2024-01-09 10:00:00 EST",1704812400,102.23,102.69,NE,4,21,,79,-9.7,-6.6,-14,,24100,,,8,,,-6.6,-6.8
"2024-01-09 09:00:00 EST",1704808800,102.32,102.78,NE,4,20,,79,-9.8,-6.8,-14,,24100,,,8,,,-6.7,-6.9
"2024-01-09 08:00:00 EST",1704805200,102.43,102.89,NE,4,21,,77,-10.2,-6.8,-14,,24100,,,8,,,-6.1,-6.8
"2024-01-09 07:00:00 EST",1704801600,102.43,102.89,NE,5,13,,72,-10.4,-6.1,-11,,24100,,,7,,,-5.7,-6.1
"2024-01-09 06:00:00 EST",1704798000,102.44,102.9,NE,5,15,,72,-10,-5.7,-11,,24100,,,8,,,-5.3,-5.7
"2024-01-09 05:00:00 EST",1704794400,102.53,102.99,NE,4,16,,76,-8.9,-5.3,-11,,24100,,,8,,,-4.6,-5.3
"2024-01-09 04:00:00 EST",1704790800,102.54,103,NE,5,15,,79,-8,-4.9,-10,,24100,,,8,,,-4.9,-5.4
"2024-01-09 03:00:00 EST",1704787200,102.67,103.13,NNE,2,9,,77,-8.8,-5.3,-9,,24100,,,7,,,-5.2,-5.4
"2024-01-09 02:00:00 EST",1704783600,102.63,103.09,NNE,2,11,,74,-9.3,-5.4,-10,,24100,,,7,,,-5.3,-6.7
"2024-01-09 01:00:00 EST",1704780000,102.63,103.09,NE,3,8,,81,-9.4,-6.6,-10,,24100,,,7,,,-6.4,-7.5
"2024-01-09 00:00:00 EST",1704776400,102.58,103.04,,36,1,,81,-9.6,-6.8,-7,,24100,,,6,,,-5.8,-8.9
"2024-01-08 23:00:00 EST",1704772800,102.56,103.02,NW,30,5,,75,-9.8,-6.1,-9,,24100,,,1,,,-4.6,-6.5
"2024-01-08 22:00:00 EST",1704769200,102.59,103.05,NW,32,9,,69,-9.6,-4.7,-9,,24100,,,1,,,-3.5,-4.9
"2024-01-08 21:00:00 EST",1704765600,102.63,103.09,WNW,29,8,,70,-8.5,-3.8,-7,,24100,,,7,,,-3.6,-4.5
"2024-01-08 20:00:00 EST",1704762000,102.61,103.07,WNW,29,7,,70,-8.3,-3.6,-7,,24100,,,7,,,-3.3,-4
"2024-01-08 19:00:00 EST",1704758400,102.58,103.04,WNW,30,9,,70,-8.1,-3.5,-7,,24100,,,7,,,-3.2,-4.3
"2024-01-08 18:00:00 EST",1704754800,102.52,102.98,W,27,10,,76,-7.9,-4.3,-8,,24100,,,8,,,-4.3,-5.4
"2024-01-08 17:00:00 EST",1704751200,102.46,102.92,W,26,11,,75,-8,-4.3,-9,,24100,,,5,,,-3.4,-4.8
"2024-01-08 16:00:00 EST",1704747600,102.35,102.81,W,26,16,,73,-7.3,-3.2,-9,,24100,,,7,,,-2.6,-3.2
"2024-01-08 15:00:00 EST",1704744000,102.32,102.78,W,27,18,,74,-6.8,-2.7,-8,,24100,,,5,,,-2.5,-2.7
"2024-01-08 14:00:00 EST",1704740400,102.26,102.72,WSW,25,17,,74,-6.6,-2.6,-8,,24100,,,8,,,-2.6,-3.1
"2024-01-08 13:00:00 EST",1704736800,102.22,102.68,WSW,25,20,,75,-7,-3.1,-9,,24100,,,8,,,-3.1,-3.7
"2024-01-08 12:00:00 EST",1704733200,102.25,102.71,WSW,24,13,,77,-7,-3.7,-9,,24100,,,8,,,-3.7,-4.3
"2024-01-08 11:00:00 EST",1704729600,102.27,102.73,WSW,25,28,28,77,-7.6,-4.2,-12,,24100,,,8,,,-4,-4.3
"2024-01-08 10:00:00 EST",1704726000,102.23,102.69,WSW,25,21,32,77,-7.6,-4.2,-11,,24100,,,8,,,-4.1,-4.9
"2024-01-08 09:00:00 EST",1704722400,102.15,102.61,WSW,24,20,,78,-7.9,-4.7,-11,,24100,,,8,,,-4.7,-5
"2024-01-08 08:00:00 EST",1704718800,102.07,102.53,WSW,25,14,,79,-8.1,-5,-10,,24100,,,8,,,-5,-5.5
"2024-01-08 07:00:00 EST",1704715200,101.9,102.36,SW,23,12,,80,-8.4,-5.5,-10,,24100,,,8,,,-5,-6.2
"2024-01-08 06:00:00 EST",1704711600,101.81,102.22,W,26,11,,81,-8.1,-5.3,-10,,,,,,,,-5.2,-5.9
"2024-01-08 05:00:00 EST",1704708000,101.68,102.14,WSW,25,14,,82,-8.6,-6,-12,,24100,,,8,,,-6,-6.6
"2024-01-08 04:00:00 EST",1704704400,101.58,102.04,W,27,14,,81,-8.7,-6,-12,,24100,,,8,,,-5.9,-6.4
"2024-01-08 03:00:00 EST",1704700800,101.5,101.91,W,26,11,,88,-7.4,-5.8,-11,,,,,,,,-5.7,-6
"2024-01-08 02:00:00 EST",1704697200,101.35,101.81,W,26,14,,86,-8,-6.1,-12,,22500,,,8,,,-6.1,-6.5
"2024-01-08 01:00:00 EST",1704693600,101.24,101.7,WSW,24,12,,86,-8.5,-6.5,-12,,24100,,,8,,,-6.5,-7.6
"2024-01-08 00:00:00 EST",1704690000,101.15,101.61,WSW,25,8,,83,-9.5,-7.1,-11,,24100,,,8,,,-6.9,-7.6
"2024-01-07 23:00:00 EST",1704686400,101.07,101.53,WNW,28,10,,84,-9.8,-7.4,-12,,24100,,,7,,,-7,-7.5
"2024-01-07 22:00:00 EST",1704682800,100.96,101.42,NW,30,11,,84,-9.5,-7.2,-12,,6400,,,8,,,-7,-7.3
"2024-01-07 21:00:00 EST",1704679200,100.87,101.33,NNW,33,13,,84,-9.5,-7.2,-13,,6400,,,8,,,-6.9,-7.4
"2024-01-07 20:00:00 EST",1704675600,100.77,101.23,N,35,15,,84,-9.6,-7.4,-14,,4800,,,8,,,-7.1,-7.4
"2024-01-07 19:00:00 EST",1704672000,100.67,101.12,N,35,15,,84,-9.5,-7.2,-13,,3600,,,8,,,-6.9,-7.3
"2024-01-07 18:00:00 EST",1704668400,100.54,100.99,N,0,22,,84,-9.4,-7.1,-15,,3200,,,8,,,-6.8,-7.1
"2024-01-07 17:00:00 EST",1704664800,100.44,100.89,NNE,2,22,32,84,-9.1,-6.8,-14,,6400,,,8,,,-6.8,-7
"2024-01-07 16:00:00 EST",1704661200,100.39,100.84,NNE,1,22,,84,-9.2,-6.9,-14,,4800,,,8,,,-5.8,-6.9
"2024-01-07 15:00:00 EST",1704657600,100.32,100.77,NE,3,22,,83,-8.6,-6.2,-13,,2800,,,8,,,-5.8,-6.4
"2024-01-07 14:00:00 EST",1704654000,100.27,100.72,NNE,2,25,,85,-8.6,-6.4,-14,,2800,,,8,,,-6.3,-6.7
"2024-01-07 13:00:00 EST",1704650400,100.28,100.73,NNE,3,26,,85,-8.6,-6.5,-14,,1200,,,2,,,-6.4,-6.9
"2024-01-07 12:00:00 EST",1704646800,100.34,100.79,NE,3,23,,85,-8.9,-6.7,-14,,1200,,,2,,,-6.7,-7.1
"2024-01-07 11:00:00 EST",1704643200,100.42,100.87,NE,3,27,,86,-8.8,-6.9,-15,,1600,,,5,,,-6.9,-7.2
"2024-01-07 10:00:00 EST",1704639600,100.48,100.93,NNE,3,24,,86,-9,-7.1,-15,,1200,,,,,,-7.1,-7.7
"2024-01-07 09:00:00 EST",1704636000,100.48,100.93,NNE,2,27,29,87,-9.3,-7.4,-16,,1000,,,,,,-7.4,-7.8
"2024-01-07 08:00:00 EST",1704632400,100.51,100.97,NE,3,27,,86,-9.6,-7.7,-16,,2800,,,,,,-7.6,-7.8
"2024-01-07 07:00:00 EST",1704628800,100.52,100.98,NE,3,27,30,86,-9.7,-7.7,-16,,4000,,,2,,,-7.7,-7.8
"2024-01-07 06:00:00 EST",1704625200,100.57,101.03,NE,4,30,32,86,-9.8,-7.8,-17,,2400,,,,,,-7.8,-8
"2024-01-07 05:00:00 EST",1704621600,100.63,101.09,NE,4,23,29,86,-9.9,-7.9,-16,,2400,,,,,,-7.9,-8
"2024-01-07 04:00:00 EST",1704618000,100.68,101.14,NE,4,26,37,86,-10,-8,-16,,2400,,,,,,-8,-8.1
"2024-01-07 03:00:00 EST",1704614400,100.75,101.21,NE,3,26,30,86,-10.1,-8.1,-16,,2400,,,,,,-8.1,-8.7
"2024-01-07 02:00:00 EST",1704610800,100.81,101.27,NNE,3,32,,86,-10.3,-8.3,-18,,2800,,,,,,-8.3,-9
"2024-01-07 01:00:00 EST",1704607200,100.9,101.36,NE,3,30,30,84,-11,-8.7,-18,,3200,,,4,,,-8.7,-9.1
"2024-01-07 00:00:00 EST",1704603600,100.96,101.42,NNE,3,34,40,84,-11.4,-9.1,-19,,3200,,,4,,,-9.1,-9.6
"2024-01-06 23:00:00 EST",1704600000,101.07,101.53,NNE,3,32,,83,-11.9,-9.6,-19,,3200,,,,,,-9.6,-9.9
"2024-01-06 22:00:00 EST",1704596400,101.21,101.67,NNE,2,25,35,83,-12,-9.7,-18,,2000,,,8,,,-9.7,-10.1
"2024-01-06 21:00:00 EST",1704592800,101.29,101.75,NE,4,26,32,82,-12.4,-9.9,-19,,1200,,,8,,,-9.9,-10.1
"2024-01-06 20:00:00 EST",1704589200,101.43,101.89,NE,3,26,36,79,-13,-10,-19,,3600,,,8,,,-9.6,-10.1
"2024-01-06 19:00:00 EST",1704585600,101.53,101.99,NE,4,34,33,75,-13.6,-10,-20,,2800,,,8,,,-9.2,-10
"2024-01-06 18:00:00 EST",1704582000,101.56,102.02,NE,5,36,46,60,-15.8,-9.3,-19,,16100,,,8,,,-9.2,-9.4
"2024-01-06 17:00:00 EST",1704578400,101.61,102.07,NE,4,29,41,60,-15.8,-9.3,-18,,24100,,,8,,,-9.1,-9.4
"2024-01-06 16:00:00 EST",1704574800,101.63,102.09,NE,3,28,,60,-15.6,-9.2,-18,,24100,,,8,,,-9.1,-9.2
"2024-01-06 15:00:00 EST",1704571200,101.71,102.17,NE,5,27,,58,-16.1,-9.2,-18,,24100,,,8,,,-8.9,-9.2
"2024-01-06 14:00:00 EST",1704567600,101.78,102.24,NE,4,28,39,56,-16.2,-9,-18,,24100,,,8,,,-8.8,-9.1
"2024-01-06 13:00:00 EST",1704564000,101.92,102.38,ENE,6,20,32,56,-16.4,-9.1,-17,,24100,,,8,,,-8.9,-9.1
"2024-01-06 12:00:00 EST",1704560400,102.1,102.56,ENE,6,21,,55,-16.4,-8.9,-17,,24100,,,8,,,-8.7,-9
"2024-01-06 11:00:00 EST",1704556800,102.12,102.58,ENE,6,23,36,54,-16.6,-8.9,-17,,24100,,,8,,,-8.7,-8.9
"2024-01-06 10:00:00 EST",1704553200,102.24,102.7,ENE,6,21,30,55,-16.4,-8.9,-17,,24100,,,8,,,-8.8,-9
"2024-01-06 09:00:00 EST",1704549600,102.25,102.71,ENE,6,12,,56,-16.2,-9,-15,,24100,,,8,,,-9,-9.4
"2024-01-06 08:00:00 EST",1704546000,102.24,102.7,ENE,6,14,,59,-16,-9.3,-16,,24100,,,2,,,-9.2,-9.6
"2024-01-06 07:00:00 EST",1704542400,102.18,102.64,NE,5,19,,57,-16.4,-9.3,-17,,24100,,,3,,,-9.1,-9.5
"2024-01-06 06:00:00 EST",1704538800,102.13,102.59,NNE,2,18,,60,-15.7,-9.2,-16,,24100,,,2,,,-8.9,-9.3
"2024-01-06 05:00:00 EST",1704535200,102.02,102.48,NE,4,17,,59,-15.9,-9.2,-16,,24100,,,3,,,-8.3,-9.2
"2024-01-06 04:00:00 EST",1704531600,102,102.46,NNE,2,22,28,63,-14.2,-8.3,-16,,24100,,,3,,,-6.3,-8.3
"2024-01-06 03:00:00 EST",1704528000,101.91,102.37,NE,3,30,34,73,-10.3,-6.2,-15,,24100,,,7,,,-4.2,-6.2
"2024-01-06 02:00:00 EST",1704524400,101.83,102.29,N,1,26,29,73,-8.2,-4.1,-11,,24100,,,7,,,-2.8,-4.1
"2024-01-06 01:00:00 EST",1704520800,101.66,102.12,NW,30,15,,74,-6.8,-2.8,-8,,24100,,,8,,,-2.1,-2.8
"2024-01-06 00:00:00 EST",1704517200,101.61,102.07,WNW,29,15,,76,-5.8,-2.2,-7,,24100,,,8,,,-1.8,-2.2
"2024-01-05 23:00:00 EST",1704513600,101.56,102.02,W,26,17,,80,-5,-2,-7,,24100,,,8,,,-1.9,-2.2
"2024-01-05 22:00:00 EST",1704510000,101.52,101.98,WSW,25,14,,78,-5.1,-1.8,-6,,24100,,,8,,,-1.8,-2.1
"2024-01-05 21:00:00 EST",1704506400,101.51,101.97,WSW,25,25,,77,-5.5,-2,-8,,24100,,,8,,,-2,-2.6
"2024-01-05 20:00:00 EST",1704502800,101.47,101.93,SW,23,25,35,82,-5.3,-2.6,-9,,24100,,,8,,,-2.6,-3.3
"2024-01-05 19:00:00 EST",1704499200,101.48,101.94,SW,22,27,,86,-5.3,-3.3,-10,,12900,,,8,,,-3.2,-4
"2024-01-05 18:00:00 EST",1704495600,101.51,101.97,SW,23,18,,84,-6.4,-4,-10,,16100,,,8,,,-4,-4.5
"2024-01-05 17:00:00 EST",1704492000,101.53,101.99,WSW,25,16,,72,-8.8,-4.4,-10,,16100,,,8,,,-4.4,-4.9
"2024-01-05 16:00:00 EST",1704488400,101.55,102.01,WSW,23,23,,68,-10,-4.8,-12,,24100,,,8,,,-4.8,-5.5
"2024-01-05 15:00:00 EST",1704484800,101.59,102.05,WSW,24,22,32,67,-10.5,-5.3,-12,,24100,,,8,,,-5.3,-6.2
"2024-01-05 14:00:00 EST",1704481200,101.6,102.06,SSW,20,15,,68,-11.2,-6.3,-12,,24100,,,8,,,-6.3,-7.7
"2024-01-05 13:00:00 EST",1704477600,101.7,102.16,SW,23,10,,65,-13.1,-7.7,-13,,24100,,,8,,,-7.7,-8.6
"2024-01-05 12:00:00 EST",1704474000,101.81,102.27,SW,23,16,,63,-14.3,-8.6,-15,,24100,,,8,,,-8.6,-10.1
"2024-01-05 11:00:00 EST",1704470400,101.91,102.37,W,26,17,,65,-15.6,-10.2,-17,,24100,,,8,,,-10,-10.5
"2024-01-05 10:00:00 EST",1704466800,101.99,102.45,W,26,19,,64,-15.8,-10.3,-18,,24100,,,3,,,-10.2,-11.6
"2024-01-05 09:00:00 EST",1704463200,101.98,102.44,W,27,19,,68,-16.3,-11.6,-20,,24100,,,4,,,-11.6,-12.5
"2024-01-05 08:00:00 EST",1704459600,101.97,102.43,WSW,24,12,,76,-15.8,-12.4,-19,,24100,,,2,,,-12.2,-12.4
"2024-01-05 07:00:00 EST",1704456000,101.97,102.43,W,28,14,,68,-17.2,-12.4,-19,,24100,,,1,,,-11.9,-12.4
"2024-01-05 06:00:00 EST",1704452400,101.96,102.42,W,26,17,,67,-16.8,-11.9,-20,,24100,,,1,,,-11.7,-11.9
"2024-01-05 05:00:00 EST",1704448800,101.93,102.39,WSW,25,13,,70,-16.2,-11.8,-18,,24100,,,1,,,-11.7,-12
"2024-01-05 04:00:00 EST",1704445200,101.9,102.36,WSW,25,14,,70,-16.2,-11.7,-19,,24100,,,1,,,-11.5,-11.8
"2024-01-05 03:00:00 EST",1704441600,101.94,102.4,WSW,24,17,,69,-16.1,-11.5,-19,,24100,,,4,,,-11.3,-11.5
"2024-01-05 02:00:00 EST",1704438000,101.92,102.38,W,27,11,,64,-16.9,-11.4,-17,,24100,,,4,,,-11.2,-11.5
"2024-01-05 01:00:00 EST",1704434400,101.92,102.38,W,26,11,,62,-17,-11.2,-17,,24100,,,1,,,-11,-11.2
"2024-01-05 00:00:00 EST",1704430800,101.91,102.37,WNW,29,14,,63,-16.7,-11,-18,,24100,,,1,,,-10.8,-11.1
"2024-01-04 23:00:00 EST",1704427200,101.93,102.39,W,27,15,,63,-16.6,-10.9,-18,,24100,,,1,,,-10.6,-10.9
"2024-01-04 22:00:00 EST",1704423600,101.92,102.38,WNW,28,22,31,62,-16.6,-10.6,-19,,24100,,,1,,,-10.2,-10.6
"2024-01-04 21:00:00 EST",1704420000,101.95,102.41,WNW,29,16,28,62,-16.3,-10.2,-17,,24100,,,1,,,-9.8,-10.2
"2024-01-04 20:00:00 EST",1704416400,101.94,102.4,NW,30,20,28,59,-16.4,-9.8,-18,,24100,,,0,,,-9.5,-9.8
"2024-01-04 19:00:00 EST",1704412800,101.91,102.37,WNW,29,17,28,59,-16.2,-9.5,-17,,24100,,,0,,,-8.9,-9.5
"2024-01-04 18:00:00 EST",1704409200,101.84,102.3,WNW,30,20,,58,-15.8,-8.8,-16,,24100,,,1,,,-7.7,-8.8
"2024-01-04 17:00:00 EST",1704405600,101.75,102.21,WNW,28,22,,54,-15.3,-7.7,-15,,24100,,,1,,,-6.9,-7.7
"2024-01-04 16:00:00 EST",1704402000,101.68,102.13,WNW,29,23,,53,-15.1,-6.9,-14,,48300,,,3,,,-6,-6.9
"2024-01-04 15:00:00 EST",1704398400,101.6,102.05,W,28,17,31,53,-14.2,-6.1,-12,,48300,,,6,,,-5.8,-6.5
"2024-01-04 14:00:00 EST",1704394800,101.52,101.97,W,27,21,,53,-14.3,-6.1,-13,,48300,,,3,,,-5.8,-6.5
"2024-01-04 13:00:00 EST",1704391200,101.47,101.92,NW,31,21,35,54,-14.3,-6.4,-13,,48300,,,3,,,-6,-6.5
"2024-01-04 12:00:00 EST",1704387600,101.44,101.89,WNW,28,18,,55,-13.9,-6.3,-13,,48300,,,3,,,-6.2,-6.9
"2024-01-04 11:00:00 EST",1704384000,101.42,101.87,NW,31,26,31,55,-14.2,-6.7,-15,,48300,,,2,,,-6.1,-6.7
"2024-01-04 10:00:00 EST",1704380400,101.34,101.79,NNW,34,30,34,59,-13.1,-6.3,-15,,48300,,,2,,,-5.5,-6.4
"2024-01-04 09:00:00 EST",1704376800,101.18,101.63,WNW,30,26,36,65,-11,-5.5,-13,,24100,,,3,,,-4.2,-5.5
"2024-01-04 08:00:00 EST",1704373200,100.95,101.4,WNW,29,23,,72,-8.6,-4.2,-11,,24100,,,7,,,-2.9,-4.2
"2024-01-04 07:00:00 EST",1704369600,100.79,101.24,NW,30,25,35,77,-6.4,-2.9,-10,,24100,,,7,,,-0.9,-2.9
"2024-01-04 06:00:00 EST",1704366000,100.63,101.08,WNW,30,23,33,90,-2.4,-0.8,-7,,24100,,,8,,,0.5,-0.8
"2024-01-04 05:00:00 EST",1704362400,100.54,100.99,WSW,25,15,,95,-0.3,0.4,,,19300,,,8,,,0.8,0.3
"2024-01-04 04:00:00 EST",1704358800,100.55,101,SW,22,16,,93,-0.6,0.4,,,3200,,,8,,,1,0.4
"2024-01-04 03:00:00 EST",1704355200,100.57,101.02,SW,21,19,,92,-0.2,0.9,,,24100,,,8,,,1.2,0.9
"2024-01-04 02:00:00 EST",1704351600,100.56,101.01,SW,21,21,,89,-0.4,1.2,,,24100,,,8,,,1.6,1.2
"2024-01-04 01:00:00 EST",1704348000,100.56,101.01,SW,22,19,,87,-0.4,1.5,,,24100,,,8,,,1.5,1.2
"2024-01-04 00:00:00 EST",1704344400,100.59,101.04,SSW,20,17,,87,-0.6,1.2,,,24100,,,8,,,1.5,1.1
"2024-01-03 23:00:00 EST",1704340800,100.64,101.09,SW,23,10,,86,-0.9,1.2,,,24100,,,8,,,1.6,1.2
"2024-01-03 22:00:00 EST",1704337200,100.67,101.12,SW,21,17,,85,-0.7,1.5,,,24100,,,8,,,1.7,1.5
"2024-01-03 21:00:00 EST",1704333600,100.71,101.16,SW,21,13,,85,-0.7,1.6,,,24100,,,8,,,1.6,1.1
"2024-01-03 20:00:00 EST",1704330000,100.75,101.2,SSW,20,9,,87,-0.9,1.1,,,24100,,,8,,,1.4,0.6
"2024-01-03 19:00:00 EST",1704326400,100.73,101.18,S,17,7,,87,-0.9,1,,,24100,,,8,,,1.3,0.7
"2024-01-03 18:00:00 EST",1704322800,100.74,101.19,WSW,24,5,,85,-1.3,0.9,,,24100,,,7,,,1.9,0.8
"2024-01-03 17:00:00 EST",1704319200,100.75,101.2,SSW,20,17,,84,-0.6,1.8,,,24100,,,8,,,1.8,1.6
"2024-01-03 16:00:00 EST",1704315600,100.74,101.19,SSW,20,17,,85,-0.4,1.8,,,24100,,,8,,,1.8,1.6
"2024-01-03 15:00:00 EST",1704312000,100.74,101.19,SW,21,13,,85,-0.5,1.7,,,24100,,,8,,,1.9,1.4
"2024-01-03 14:00:00 EST",1704308400,100.72,101.17,SW,22,16,,83,-0.8,1.7,,,24100,,,8,,,1.8,1.2
"2024-01-03 13:00:00 EST",1704304800,100.74,101.19,SW,22,14,,87,-0.8,1.2,,,24100,,,8,,,1.2,1
"2024-01-03 12:00:00 EST",1704301200,100.79,101.24,SW,21,14,,87,-0.9,1,,,24100,,,8,,,1.1,0.8
"2024-01-03 11:00:00 EST",1704297600,100.87,101.32,SW,22,13,,87,-1.1,0.8,,,24100,,,8,,,0.8,0.2
"2024-01-03 10:00:00 EST",1704294000,100.9,101.35,SW,22,14,,89,-1.1,0.5,,,12900,,,8,,,0.5,0
"2024-01-03 09:00:00 EST",1704290400,100.88,101.33,SW,22,15,,92,-1.2,0,-4,,8100,,,8,,,0,-0.2
"2024-01-03 08:00:00 EST",1704286800,100.87,101.32,SW,22,16,,92,-1.3,-0.2,-5,,9700,,,8,,,-0.1,-0.3
"2024-01-03 07:00:00 EST",1704283200,100.87,101.32,WSW,23,14,,89,-1.9,-0.3,-5,,24100,,,8,,,0.1,-0.3
"2024-01-03 06:00:00 EST",1704279600,100.86,101.31,W,26,17,,81,-2.8,0.1,,,24100,,,8,,,0.7,0.1
"2024-01-03 05:00:00 EST",1704276000,100.81,101.26,WSW,24,21,,71,-4,0.6,,,24100,,,8,,,0.6,0.5
"2024-01-03 04:00:00 EST",1704272400,100.79,101.24,WSW,24,17,,70,-4.3,0.5,,,24100,,,8,,,0.7,0.5
"2024-01-03 03:00:00 EST",1704268800,100.8,101.25,WSW,24,19,30,68,-4.6,0.7,,,24100,,,8,,,0.9,0.7
"2024-01-03 02:00:00 EST",1704265200,100.82,101.27,WSW,24,24,,65,-4.9,0.9,,,24100,,,8,,,1,0.8
"2024-01-03 01:00:00 EST",1704261600,100.81,101.26,WSW,23,23,,67,-4.7,0.9,,,24100,,,8,,,0.9,0.5
"2024-01-03 00:00:00 EST",1704258000,100.79,101.24,SW,22,27,37,66,-5.1,0.5,,,24100,,,8,,,0.5,0.2
"2024-01-02 23:00:00 EST",1704254400,100.87,101.32,SW,23,29,39,67,-5.3,0.2,,,24100,,,8,,,0.2,0
"2024-01-02 22:00:00 EST",1704250800,100.87,101.32,SW,23,28,40,67,-5.2,0.2,,,24100,,,8,,,0.4,0.2
"2024-01-02 21:00:00 EST",1704247200,100.9,101.35,WSW,25,25,30,69,-4.6,0.4,,,24100,,,8,,,0.5,0.3
"2024-01-02 20:00:00 EST",1704243600,100.91,101.36,WSW,24,19,35,69,-4.5,0.5,,,24100,,,8,,,0.5,0.2
"2024-01-02 19:00:00 EST",1704240000,100.89,101.34,W,27,10,,75,-3.4,0.5,,,24100,,,8,,,0.6,0.3
"2024-01-02 18:00:00 EST",1704236400,100.88,101.33,W,26,15,,73,-3.7,0.5,,,24100,,,8,,,0.6,0.4
"2024-01-02 17:00:00 EST",1704232800,100.87,101.32,WSW,24,15,,73,-3.8,0.4,,,24100,,,8,,,0.4,0.2
"2024-01-02 16:00:00 EST",1704229200,100.87,101.32,WSW,25,17,,71,-4.4,0.2,,,22500,,,8,,,0.2,-0.3
"2024-01-02 15:00:00 EST",1704225600,100.9,101.35,WSW,24,17,,70,-5.2,-0.4,-5,,24100,,,8,,,-0.4,-0.7
"2024-01-02 14:00:00 EST",1704222000,100.92,101.37,W,25,22,,70,-5.6,-0.7,-6,,24100,,,8,,,-0.7,-1.2
"2024-01-02 13:00:00 EST",1704218400,101.01,101.46,WSW,25,25,28,70,-6,-1.2,-7,,24100,,,8,,,-1.2,-1.5
"2024-01-02 12:00:00 EST",1704214800,101.08,101.53,WSW,25,20,,72,-5.9,-1.4,-7,,24100,,,8,,,-1.4,-1.6
"2024-01-02 11:00:00 EST",1704211200,101.18,101.63,WSW,25,23,,71,-6,-1.5,-8,,24100,,,8,,,-1.4,-1.8
"2024-01-02 10:00:00 EST",1704207600,101.26,101.71,WSW,24,28,41,74,-5.8,-1.8,-9,,24100,,,7,,,-1.7,-2.1
"2024-01-02 09:00:00 EST",1704204000,101.24,101.69,WSW,24,28,41,74,-6.1,-2.1,-9,,24100,,,8,,,-2.1,-2.4
"2024-01-02 08:00:00 EST",1704200400,101.24,101.69,WSW,24,26,43,75,-6.1,-2.4,-9,,24100,,,8,,,-2.3,-3.3
"2024-01-02 07:00:00 EST",1704196800,101.23,101.68,SW,22,21,28,79,-6.3,-3.2,-9,,24100,,,7,,,-3.2,-4.1
"2024-01-02 06:00:00 EST",1704193200,101.25,101.7,WSW,23,21,35,78,-7.4,-4.1,-11,,24100,,,3,,,-4,-4.4
"2024-01-02 05:00:00 EST",1704189600,101.26,101.71,WSW,24,23,,80,-7.4,-4.4,-11,,24100,,,6,,,-4.2,-4.6
"2024-01-02 04:00:00 EST",1704186000,101.25,101.7,SW,23,21,,77,-8,-4.6,-11,,24100,,,3,,,-4.4,-4.8
"2024-01-02 03:00:00 EST",1704182400,101.3,101.75,WSW,24,25,,73,-8.9,-4.8,-12,,24100,,,2,,,-4.6,-4.9
"2024-01-02 02:00:00 EST",1704178800,101.33,101.78,SW,23,22,,77,-8,-4.6,-11,,24100,,,2,,,-4.4,-5
"2024-01-02 01:00:00 EST",1704175200,101.37,101.83,WSW,23,18,,70,-9.5,-4.9,-11,,24100,,,5,,,-4.9,-5.2
"2024-01-02 00:00:00 EST",1704171600,101.41,101.87,WSW,24,20,,66,-10.4,-5,-12,,24100,,,6,,,-4.9,-5.1
"2024-01-01 23:00:00 EST",1704168000,101.49,101.95,WSW,24,25,,65,-10.7,-5.1,-12,,24100,,,8,,,-5.1,-5.2
"2024-01-01 22:00:00 EST",1704164400,101.5,101.96,WSW,24,20,,64,-10.9,-5.1,-12,,24100,,,8,,,-4.9,-5.2
"2024-01-01 21:00:00 EST",1704160800,101.53,101.99,WSW,23,15,,64,-11,-5.2,-11,,24100,,,7,,,-5.1,-5.4
"2024-01-01 20:00:00 EST",1704157200,101.56,102.02,WSW,25,16,,62,-11.5,-5.3,-11,,24100,,,5,,,-4.9,-5.3
"2024-01-01 19:00:00 EST",1704153600,101.57,102.03,WSW,25,21,,62,-11.2,-5,-12,,24100,,,8,,,-4.7,-5
"2024-01-01 18:00:00 EST",1704150000,101.54,102,WSW,23,22,,61,-11.3,-4.8,-12,,24100,,,8,,,-4.7,-4.9
"2024-01-01 17:00:00 EST",1704146400,101.52,101.98,WSW,24,18,,59,-11.6,-4.7,-11,,24100,,,8,,,-4.6,-4.8
"2024-01-01 16:00:00 EST",1704142800,101.52,101.98,WSW,23,13,,57,-12.2,-4.8,-10,,24100,,,8,,,-4.5,-4.8
"2024-01-01 15:00:00 EST",1704139200,101.51,101.97,WSW,24,18,,54,-12.7,-4.7,-11,,24100,,,8,,,-4.5,-5.1
"2024-01-01 14:00:00 EST",1704135600,101.52,101.98,W,27,13,,52,-13.2,-4.7,-10,,24100,,,8,,,-4.5,-5.1
"2024-01-01 13:00:00 EST",1704132000,101.53,101.99,NNW,32,12,,53,-13.2,-5,-10,,24100,,,8,,,-4.8,-5.2
"2024-01-01 12:00:00 EST",1704128400,101.55,102.01,N,35,8,,52,-13.5,-5,-9,,24100,,,7,,,-4.9,-5.5
"2024-01-01 11:00:00 EST",1704124800,101.61,102.07,NNE,3,9,,53,-13.4,-5.2,-9,,24100,,,3,,,-5,-5.7
"2024-01-01 10:00:00 EST",1704121200,101.63,102.09,N,35,15,,56,-12.9,-5.4,-11,,24100,,,3,,,-5.3,-6
"2024-01-01 09:00:00 EST",1704117600,101.6,102.06,N,35,13,,64,-11.8,-6,-11,,24100,,,3,,,-6,-7.2
"2024-01-01 08:00:00 EST",1704114000,101.54,102,NW,30,8,,71,-11.6,-7.2,-11,,24100,,,3,,,-6.3,-7.3
"2024-01-01 07:00:00 EST",1704110400,101.5,101.96,NNW,32,7,,65,-12,-6.4,-10,,24100,,,2,,,-5.7,-6.5
"2024-01-01 06:00:00 EST",1704106800,101.46,101.92,N,35,13,,61,-12.1,-5.7,-11,,24100,,,6,,,-5.5,-5.7
"2024-01-01 05:00:00 EST",1704103200,101.41,101.87,N,0,16,,61,-12,-5.6,-12,,24100,,,7,,,-5.4,-5.6
"2024-01-01 04:00:00 EST",1704099600,101.39,101.85,NNE,1,19,,62,-11.6,-5.4,-12,,24100,,,8,,,-5.1,-5.5
"2024-01-01 03:00:00 EST",1704096000,101.38,101.84,N,0,17,,64,-11,-5.2,-11,,24100,,,8,,,-4.8,-5.2
"2024-01-01 02:00:00 EST",1704092400,101.38,101.83,NNE,1,8,,63,-10.9,-4.8,-8,,24100,,,8,,,-4.8,-5.1
"2024-01-01 01:00:00 EST",1704088800,101.36,101.82,NNE,3,13,,64,-10.8,-5,-10,,24100,,,8,,,-4.7,-5
"2024-01-01 00:00:00 EST",1704085200,101.33,101.79,NNW,34,10,,64,-10.5,-4.8,-9,,24100,,,8,,,-4.7,-4.8
"2023-12-31 23:00:00 EST",1704081600,101.35,101.81,NNW,34,6,,62,-10.9,-4.8,-8,,24100,,,8,,,-4.5,-4.8
"2023-12-31 22:00:00 EST",1704078000,101.32,101.77,NW,30,7,,64,-10.6,-4.7,-8,,24100,,,8,,,-4.7,-4.8
"2023-12-31 21:00:00 EST",1704074400,101.31,101.76,WNW,29,8,,64,-10.6,-4.8,-8,,24100,,,8,,,-4.8,-4.9
"2023-12-31 20:00:00 EST",1704070800,101.33,101.78,WSW,25,7,,64,-10.7,-4.9,-8,,24100,,,8,,,-4.8,-5
"2023-12-31 19:00:00 EST",1704067200,101.32,101.77,W,27,7,,64,-10.7,-4.9,-8,,24100,,,8,,,-4.9,-5.1
"2023-12-31 18:00:00 EST",1704063600,101.32,101.77,W,27,10,,63,-10.9,-5,-9,,24100,,,8,,,-5,-5.2
"2023-12-31 17:00:00 EST",1704060000,101.26,101.71,W,27,7,,64,-10.9,-5.1,-8,,24100,,,8,,,-4.9,-5.2
"2023-12-31 16:00:00 EST",1704056400,101.22,101.67,NW,31,13,,65,-10.8,-5.1,-10,,24100,,,8,,,-4.9,-5.2
"2023-12-31 15:00:00 EST",1704052800,101.17,101.62,WNW,29,14,,63,-10.9,-5,-10,,24100,,,8,,,-4.5,-5
"2023-12-31 14:00:00 EST",1704049200,101.13,101.58,WNW,28,13,,66,-10.3,-4.8,-10,,24100,,,8,,,-4.6,-5.2
"2023-12-31 13:00:00 EST",1704045600,101.14,101.59,NW,31,3,,67,-10.4,-5.2,-7,,24100,,,8,,,-5,-5.4
"2023-12-31 12:00:00 EST",1704042000,101.15,101.6,NW,32,8,,68,-10.3,-5.3,-9,,24100,,,8,,,-5.1,-5.5
"2023-12-31 11:00:00 EST",1704038400,101.16,101.61,NNW,32,10,,66,-10.7,-5.4,-10,,24100,,,8,,,-5.1,-5.4
"2023-12-31 10:00:00 EST",1704034800,101.17,101.62,NNW,32,11,,69,-10.2,-5.3,-10,,24100,,,8,,,-5,-5.3
"2023-12-31 09:00:00 EST",1704031200,101.12,101.57,NW,32,16,,67,-10.4,-5.2,-11,,24100,,,8,,,-4.9,-5.2
"2023-12-31 08:00:00 EST",1704027600,101.07,101.52,WNW,29,7,,67,-10.3,-5,-8,,24100,,,8,,,-4.9,-5.2
"2023-12-31 07:00:00 EST",1704024000,101.02,101.47,WNW,28,17,,66,-10.6,-5.1,-11,,24100,,,8,,,-4.9,-5.2
"2023-12-31 06:00:00 EST",1704020400,100.96,101.41,WNW,30,14,,66,-10.3,-5,-10,,24100,,,8,,,-4.9,-5
"2023-12-31 05:00:00 EST",1704016800,100.9,101.35,NW,31,19,,67,-10.1,-4.9,-11,,24100,,,8,,,-4.6,-4.9
"2023-12-31 04:00:00 EST",1704013200,100.87,101.32,WNW,29,14,,68,-9.8,-4.7,-10,,24100,,,8,,,-4.6,-4.9
"2023-12-31 03:00:00 EST",1704009600,100.83,101.28,WNW,30,12,,69,-9.4,-4.6,-9,,24100,,,8,,,-4.3,-4.6
"2023-12-31 02:00:00 EST",1704006000,100.75,101.2,NW,31,17,,69,-9.2,-4.3,-10,,24100,,,8,,,-4.2,-4.3
"2023-12-31 01:00:00 EST",1704002400,100.67,101.12,WNW,29,17,,67,-9.5,-4.3,-10,,24100,,,8,,,-4,-4.3
"2023-12-31 00:00:00 EST",1703998800,100.61,101.06,WNW,29,19,,68,-9,-4,-10,,24100,,,8,,,-3.5,-4
"2023-12-30 23:00:00 EST",1703995200,100.57,101.02,W,27,18,,70,-8.2,-3.6,-9,,24100,,,8,,,-3.2,-3.6
"2023-12-30 22:00:00 EST",1703991600,100.52,100.97,W,27,16,,69,-8.2,-3.3,-9,,24100,,,8,,,-3,-3.3
"2023-12-30 21:00:00 EST",1703988000,100.47,100.92,W,27,20,,69,-7.9,-3,-9,,24100,,,8,,,-2.7,-3
"2023-12-30 20:00:00 EST",1703984400,100.4,100.85,W,26,21,,71,-7.4,-2.8,-9,,24100,,,8,,,-2.3,-2.8
"2023-12-30 19:00:00 EST",1703980800,100.33,100.78,W,27,21,,73,-6.6,-2.3,-8,,24100,,,8,,,-1.8,-2.4
"2023-12-30 18:00:00 EST",1703977200,100.25,100.7,WNW,28,20,,73,-6.1,-1.8,-8,,24100,,,8,,,-1.2,-1.8
"2023-12-30 17:00:00 EST",1703973600,100.15,100.6,WNW,29,14,,73,-5.5,-1.2,-6,,24100,,,8,,,-1,-1.2
"2023-12-30 16:00:00 EST",1703970000,100.06,100.51,NNW,33,13,,74,-5.1,-1,-5,,24100,,,8,,,-0.8,-1.1
"2023-12-30 15:00:00 EST",1703966400,99.98,100.42,N,35,14,,74,-4.9,-0.9,-5,,24100,,,8,,,-0.5,-0.9
"2023-12-30 14:00:00 EST",1703962800,99.93,100.37,NNW,34,12,,76,-4.3,-0.6,-5,,24100,,,8,,,-0.1,-0.7
"2023-12-30 13:00:00 EST",1703959200,99.91,100.35,NNW,33,12,,76,-4,-0.1,-4,,24100,,,8,,,0.1,-0.3
"2023-12-30 12:00:00 EST",1703955600,99.93,100.37,NNW,33,15,,77,-3.5,0,-4,,24100,,,8,,,0.4,-0.1
"2023-12-30 11:00:00 EST",1703952000,99.94,100.38,N,35,19,,76,-3.2,0.4,,,24100,,,8,,,0.7,0.3
"2023-12-30 10:00:00 EST",1703948400,99.98,100.42,N,0,18,,78,-3,0.4,,,24100,,,8,,,0.4,0.1
"2023-12-30 09:00:00 EST",1703944800,99.95,100.39,NNW,33,12,,83,-2.3,0.2,,,24100,,,8,,,0.2,0.1
"2023-12-30 08:00:00 EST",1703941200,99.93,100.37,N,35,17,,81,-2.7,0.2,,,24100,,,8,,,0.4,0.2
"2023-12-30 07:00:00 EST",1703937600,99.92,100.36,N,35,17,,88,-1.4,0.4,,,16100,,,8,,,0.9,0.4
"2023-12-30 06:00:00 EST",1703934000,99.9,100.34,N,0,13,,96,0.3,0.8,,,8100,,,8,,,1,0.7
"2023-12-30 05:00:00 EST",1703930400,99.86,100.3,NE,4,7,,97,0.3,0.8,,,8100,,,8,,,1.1,0.7
"2023-12-30 04:00:00 EST",1703926800,99.87,100.31,NNE,2,6,,97,0.6,1,,,8100,,,8,,,1,0.8
"2023-12-30 03:00:00 EST",1703923200,99.87,100.31,NE,3,7,,97,0.4,0.9,,,3200,,,8,,,1.3,0.9
"2023-12-30 02:00:00 EST",1703919600,99.86,100.3,,36,1,,97,0.8,1.2,,,2800,,,8,,,1.4,1.2
"2023-12-30 01:00:00 EST",1703916000,99.85,100.29,NNW,32,5,,97,0.8,1.3,,,2800,,,8,,,1.4,1.3
"2023-12-30 00:00:00 EST",1703912400,99.84,100.28,NNE,1,4,,96,0.8,1.3,,,2400,,,8,,,1.5,1.3
"2023-12-29 23:00:00 EST",1703908800,99.86,100.3,NW,30,3,,96,0.8,1.4,,,3200,,,8,,,1.5,1.2
"2023-12-29 22:00:00 EST",1703905200,99.85,100.29,E,8,5,,96,0.9,1.5,,,8100,,,8,,,1.5,1.2
"2023-12-29 21:00:00 EST",1703901600,99.86,100.3,NE,5,7,,96,0.7,1.3,,,16100,,,8,,,1.3,1
"2023-12-29 20:00:00 EST",1703898000,99.89,100.33,NE,4,7,,96,0.4,1,,,16100,,,8,,,1,0.7
"2023-12-29 19:00:00 EST",1703894400,99.89,100.33,NE,5,7,,95,0.2,0.9,,,9700,,,8,,,0.9,0.7
"2023-12-29 18:00:00 EST",1703890800,99.89,100.33,ENE,6,4,,94,0.1,0.9,,,9700,,,8,,,1.7,0.9
"2023-12-29 17:00:00 EST",1703887200,99.87,100.31,WNW,30,4,,94,0.8,1.6,,,9700,,,8,,,2.4,1.6
"2023-12-29 16:00:00 EST",1703883600,99.81,100.25,W,28,7,,95,1.4,2.1,,,9700,,,8,,,2.4,2.1
"2023-12-29 15:00:00 EST",1703880000,99.78,100.22,WNW,30,5,,95,1.4,2.1,,,8100,,,8,,,2.2,2
"2023-12-29 14:00:00 EST",1703876400,99.77,100.21,NW,31,5,,95,1.4,2.1,,,6400,,,8,,,2.1,1.8
"2023-12-29 13:00:00 EST",1703872800,99.8,100.24,N,35,4,,95,1.1,1.9,,,6400,,,8,,,2,1.4
"2023-12-29 12:00:00 EST",1703869200,99.86,100.3,N,35,8,,95,1,1.7,,,6400,,,8,,,1.7,1.3
"2023-12-29 11:00:00 EST",1703865600,99.92,100.36,NNE,1,7,,96,0.8,1.4,,,6400,,,8,,,1.5,1.3
"2023-12-29 10:00:00 EST",1703862000,99.95,100.39,NNE,1,11,,96,0.7,1.3,,,6400,,,8,,,1.4,1.1
"2023-12-29 09:00:00 EST",1703858400,99.95,100.39,NNE,1,14,,96,0.6,1.1,,,9700,,,8,,,1.2,1.1
"2023-12-29 08:00:00 EST",1703854800,99.97,100.41,NNE,2,13,,96,0.6,1.2,,,9700,,,8,,,1.4,1.1
"2023-12-29 07:00:00 EST",1703851200,99.99,100.43,NNE,1,10,,96,0.8,1.3,,,12900,,,8,,,1.3,1.2
"2023-12-29 06:00:00 EST",1703847600,100,100.44,NNE,2,12,,96,0.7,1.2,,,12900,,,8,,,1.3,1.2
"2023-12-29 05:00:00 EST",1703844000,100.02,100.46,NNE,2,13,,96,0.7,1.3,,,12900,,,8,,,1.3,1.2
"2023-12-29 04:00:00 EST",1703840400,100.07,100.51,NNE,2,12,,96,0.6,1.3,,,12900,,,8,,,1.3,1.3
"2023-12-29 03:00:00 EST",1703836800,100.1,100.54,NNE,2,13,,95,0.6,1.3,,,12900,,,8,,,1.4,1.3
"2023-12-29 02:00:00 EST",1703833200,100.13,100.57,NNE,2,18,,95,0.7,1.4,,,16100,,,8,,,1.7,1.4
"2023-12-29 01:00:00 EST",1703829600,100.19,100.63,NNE,1,14,,95,1,1.7,,,24100,,,8,,,1.9,1.7
"2023-12-29 00:00:00 EST",1703826000,100.25,100.69,NNE,3,13,,95,1.2,1.9,,,16100,,,8,,,2,1.8
"2023-12-28 23:00:00 EST",1703822400,100.31,100.75,NNE,1,17,,95,1.2,2,,,16100,,,8,,,2.1,1.9
"2023-12-28 22:00:00 EST",1703818800,100.38,100.82,NNE,2,16,,93,1,2,,,19300,,,8,,,2.4,2
"2023-12-28 21:00:00 EST",1703815200,100.45,100.9,NNE,2,20,,91,0.9,2.3,,,24100,,,8,,,2.8,2.3
"2023-12-28 20:00:00 EST",1703811600,100.52,100.97,NNE,1,17,,88,0.7,2.6,,,24100,,,8,,,2.8,2.5
"2023-12-28 19:00:00 EST",1703808000,100.55,101,NNE,2,20,,85,0.5,2.7,,,24100,,,8,,,3,2.7
"2023-12-28 18:00:00 EST",1703804400,100.58,101.03,NNE,2,20,,85,0.4,2.8,,,24100,,,8,,,3,2.8
"2023-12-28 17:00:00 EST",1703800800,100.56,101.01,NNE,1,22,29,86,0.8,2.9,,,24100,,,8,,,3.1,2.9
"2023-12-28 16:00:00 EST",1703797200,100.57,101.02,NE,3,24,,86,0.9,3,,,24100,,,8,,,3.2,2.9
"2023-12-28 15:00:00 EST",1703793600,100.58,101.03,NNE,3,23,,87,1.1,3.1,,,16100,,,8,,,3.2,2.9
"2023-12-28 14:00:00 EST",1703790000,100.6,101.05,NE,3,25,,89,1.4,3,,,16100,,,8,,,3.1,2.9
"2023-12-28 13:00:00 EST",1703786400,100.64,101.09,NNE,3,21,34,92,1.6,2.9,,,24100,,,8,,,2.9,2.3
"2023-12-28 12:00:00 EST",1703782800,100.72,101.17,NNE,2,20,,89,0.8,2.3,,,24100,,,8,,,2.4,2.1
"2023-12-28 11:00:00 EST",1703779200,100.79,101.24,NNE,2,25,,90,0.7,2.1,,,24100,,,8,,,2.1,1.8
"2023-12-28 10:00:00 EST",1703775600,100.87,101.32,NNE,2,23,,90,0.3,1.8,,,24100,,,8,,,1.8,1.5
"2023-12-28 09:00:00 EST",1703772000,100.86,101.31,NNE,2,21,33,93,0.4,1.5,,,24100,,,8,,,1.5,1
"2023-12-28 08:00:00 EST",1703768400,100.83,101.28,NNE,2,18,29,95,0.3,1,,,24100,,,8,,,1,0.9
"2023-12-28 07:00:00 EST",1703764800,100.85,101.3,NNE,2,22,,96,0.3,0.9,,,24100,,,8,,,0.9,0.7
"2023-12-28 06:00:00 EST",1703761200,100.87,101.32,NNE,2,25,29,96,0.2,0.7,,,24100,,,8,,,0.8,0.7
"2023-12-28 05:00:00 EST",1703757600,100.9,101.35,NNE,2,23,,96,0.2,0.8,,,24100,,,8,,,0.8,0.7
"2023-12-28 04:00:00 EST",1703754000,100.9,101.35,NNE,2,25,,96,0.2,0.7,,,24100,,,8,,,0.9,0.7
"2023-12-28 03:00:00 EST",1703750400,100.9,101.35,NNE,2,24,,96,0.3,0.9,,,24100,,,8,,,1.1,0.9
"2023-12-28 02:00:00 EST",1703746800,100.97,101.42,NNE,2,22,,96,0.4,1,,,12900,,,8,,,1.1,1
"2023-12-28 01:00:00 EST",1703743200,101,101.45,NNE,3,22,,96,0.4,1.1,,,12900,,,8,,,1.2,1.1
"2023-12-28 00:00:00 EST",1703739600,101.03,101.48,NNE,2,27,,95,0.5,1.1,,,16100,,,8,,,1.2,1.1
"2023-12-27 23:00:00 EST",1703736000,101.12,101.57,NNE,3,22,,95,0.4,1.1,,,12900,,,8,,,1.2,0.9
"2023-12-27 22:00:00 EST",1703732400,101.13,101.58,NNE,2,26,36,95,0.2,0.9,,,9700,,,8,,,2,0.9
"2023-12-27 21:00:00 EST",1703728800,101.15,101.6,NNE,2,20,,94,0.6,1.5,,,9700,,,8,,,2.6,1.5
"2023-12-27 20:00:00 EST",1703725200,101.18,101.63,NNE,2,25,,90,0.5,2,,,12900,,,8,,,3.1,2
"2023-12-27 19:00:00 EST",1703721600,101.23,101.68,NNE,2,25,,82,-0.2,2.6,,,24100,,,8,,,3.2,2.6
"2023-12-27 18:00:00 EST",1703718000,101.26,101.71,NE,3,21,,79,0,3.3,,,24100,,,8,,,3.3,3
"2023-12-27 17:00:00 EST",1703714400,101.23,101.68,NNE,3,20,,80,0.2,3.3,,,24100,,,8,,,3.8,3.1
"2023-12-27 16:00:00 EST",1703710800,101.24,101.69,NE,4,16,,83,0.7,3.3,,,24100,,,8,,,3.9,3.3
"2023-12-27 15:00:00 EST",1703707200,101.29,101.74,NNE,3,15,,84,1.5,3.9,,,24100,,,8,,,4,3.7
"2023-12-27 14:00:00 EST",1703703600,101.3,101.75,NE,3,21,,89,2,3.7,,,16100,,,8,,,3.8,3.4
"2023-12-27 13:00:00 EST",1703700000,101.34,101.79,NNE,2,21,,91,2.1,3.5,,,12900,,,8,,,3.6,3.4
"2023-12-27 12:00:00 EST",1703696400,101.45,101.9,NNE,2,20,,92,2.3,3.4,,,12900,,,8,,,3.5,3.3
"2023-12-27 11:00:00 EST",1703692800,101.52,101.97,NE,4,16,,94,2.5,3.3,,,12900,,,8,,,3.4,3.1
"2023-12-27 10:00:00 EST",1703689200,101.58,102.03,NNE,2,19,,94,2.3,3.1,,,9700,,,8,,,3.1,2.9
"2023-12-27 09:00:00 EST",1703685600,101.58,102.03,NE,4,17,28,92,2,3.1,,,12900,,,8,,,3.1,2.9
"2023-12-27 08:00:00 EST",1703682000,101.62,102.07,NNE,3,26,,89,1.4,3,,,24100,,,8,,,3.3,3
"2023-12-27 07:00:00 EST",1703678400,101.61,102.06,NNE,2,17,,91,1.7,3,,,24100,,,8,,,3.1,2.9
"2023-12-27 06:00:00 EST",1703674800,101.59,102.04,NE,3,14,,92,1.9,3,,,24100,,,8,,,3.1,3
"2023-12-27 05:00:00 EST",1703671200,101.58,102.03,NE,3,19,,92,2,3.1,,,24100,,,8,,,3.2,3
"2023-12-27 04:00:00 EST",1703667600,101.6,102.05,NE,3,19,,92,2,3.2,,,24100,,,8,,,3.4,3.1
"2023-12-27 03:00:00 EST",1703664000,101.62,102.07,NNE,2,18,,90,1.9,3.3,,,24100,,,8,,,3.6,3.3
"2023-12-27 02:00:00 EST",1703660400,101.58,102.03,NNE,1,19,,91,2.3,3.6,,,24100,,,8,,,3.8,3.5
"2023-12-27 01:00:00 EST",1703656800,101.6,102.05,NE,3,17,,93,2.8,3.8,,,24100,,,8,,,4,3.8
"2023-12-27 00:00:00 EST",1703653200,101.62,102.07,NE,3,16,,93,2.9,3.9,,,24100,,,8,,,3.9,3.6
"2023-12-26 23:00:00 EST",1703649600,101.66,102.11,NNE,2,15,,93,2.6,3.6,,,24100,,,8,,,4.5,3.6
"2023-12-26 22:00:00 EST",1703646000,101.69,102.14,NNE,1,18,,93,3.1,4.2,,,16100,,,8,,,5,4.2
"2023-12-26 21:00:00 EST",1703642400,101.7,102.15,NE,4,15,,93,3.8,4.9,,,24100,,,8,,,5.4,4.8
"2023-12-26 20:00:00 EST",1703638800,101.72,102.17,NE,4,13,,91,3.6,4.9,,,24100,,,8,,,5.8,4.9
"2023-12-26 19:00:00 EST",1703635200,101.75,102.2,NE,5,9,,92,4.1,5.3,,,24100,,,8,,,5.3,4.5
"2023-12-26 18:00:00 EST",1703631600,101.74,102.19,NE,4,6,,92,3.6,4.8,,,24100,,,8,,,5,4.4
"2023-12-26 17:00:00 EST",1703628000,101.78,102.23,ENE,7,4,,92,3.5,4.6,,,24100,,,8,,,5.3,4.6
"2023-12-26 16:00:00 EST",1703624400,101.78,102.23,ESE,10,11,,89,3.7,5.3,,,24100,,,7,,,6.4,5.3
"2023-12-26 15:00:00 EST",1703620800,101.76,102.21,ENE,7,12,,84,4,6.5,,,24100,,,8,,,7,6.5
"2023-12-26 14:00:00 EST",1703617200,101.78,102.23,E,9,9,,82,4.1,6.9,,,24100,,,8,,,7.1,6.7
"2023-12-26 13:00:00 EST",1703613600,101.85,102.3,SSE,15,8,,80,3.6,6.8,,,24100,,,8,,,6.8,6.3
"2023-12-26 12:00:00 EST",1703610000,101.88,102.33,SE,12,8,,81,3.2,6.3,,,24100,,,8,,,6.3,5.4
"2023-12-26 11:00:00 EST",1703606400,102.02,102.47,SE,14,4,,83,2.8,5.5,,,24100,,,8,,,5.6,4.7
"2023-12-26 10:00:00 EST",1703602800,102.04,102.49,ESE,10,7,,88,2.8,4.7,,,24100,,,8,,,4.7,4.1
"2023-12-26 09:00:00 EST",1703599200,102.09,102.54,ESE,11,4,,92,2.8,4,,,24100,,,8,,,4,3.6
"2023-12-26 08:00:00 EST",1703595600,102.09,102.54,ESE,11,5,,91,2.5,3.9,,,24100,,,8,,,4.2,3.6
"2023-12-26 07:00:00 EST",1703592000,102.09,102.54,SE,13,8,,90,2.6,4.1,,,24100,,,8,,,4.2,4
"2023-12-26 06:00:00 EST",1703588400,102.14,102.59,ESE,12,8,,90,2.6,4.1,,,24100,,,8,,,4.3,3.9
"2023-12-26 05:00:00 EST",1703584800,102.13,102.58,E,8,7,,91,2.6,3.9,,,24100,,,8,,,3.9,3.2
"2023-12-26 04:00:00 EST",1703581200,102.15,102.6,ESE,10,5,,89,2.1,3.6,,,24100,,,8,,,4,3.4
"2023-12-26 03:00:00 EST",1703577600,102.18,102.63,,36,1,,87,1.8,3.7,,,24100,,,8,,,4.2,3.3
"2023-12-26 02:00:00 EST",1703574000,102.2,102.65,E,9,6,,86,1.2,3.4,,,24100,,,8,,,3.4,2.7
"2023-12-26 01:00:00 EST",1703570400,102.24,102.69,NNE,3,5,,85,0.5,2.8,,,24100,,,8,,,3.2,2.7
"2023-12-26 00:00:00 EST",1703566800,102.29,102.74,NNE,1,5,,83,0.2,2.7,,,24100,,,8,,,3.6,2.7
"2023-12-25 23:00:00 EST",1703563200,102.33,102.78,,36,1,,83,0.6,3.2,,,24100,,,8,,,3.3,2.6
"2023-12-25 22:00:00 EST",1703559600,102.36,102.81,NNE,1,7,,84,0.3,2.7,,,24100,,,8,,,3.2,2.6
"2023-12-25 21:00:00 EST",1703556000,102.38,102.83,NNE,2,5,,83,0.3,3,,,24100,,,8,,,3.2,2.7
"2023-12-25 20:00:00 EST",1703552400,102.43,102.88,N,35,7,,81,0.2,3.1,,,24100,,,8,,,3.9,3.1
"2023-12-25 19:00:00 EST",1703548800,102.4,102.85,NNW,34,5,,82,0.6,3.3,,,24100,,,8,,,4.6,3.3
"2023-12-25 18:00:00 EST",1703545200,102.37,102.82,,20,0,,81,0.8,3.8,,,24100,,,8,,,4.1,3.6
"2023-12-25 17:00:00 EST",1703541600,102.39,102.84,NW,32,5,,81,1.1,4,,,24100,,,8,,,5,4
"2023-12-25 16:00:00 EST",1703538000,102.37,102.82,,36,1,,83,2.1,4.8,,,24100,,,8,,,4.9,4.5
"2023-12-25 15:00:00 EST",1703534400,102.4,102.85,E,8,4,,82,1.9,4.7,,,24100,,,8,,,4.9,4.5
"2023-12-25 14:00:00 EST",1703530800,102.41,102.86,NE,3,8,,80,1.7,4.8,,,24100,,,8,,,4.9,4.7
"2023-12-25 13:00:00 EST",1703527200,102.42,102.87,SSE,15,6,,80,1.6,4.7,,,24100,,,7,,,5,4.4
"2023-12-25 12:00:00 EST",1703523600,102.51,102.96,SE,13,9,,78,1.4,4.9,,,24100,,,7,,,4.9,3.9
"2023-12-25 11:00:00 EST",1703520000,102.59,103.04,ENE,7,4,,81,1,3.9,,,24100,,,6,,,3.9,2.7
"2023-12-25 10:00:00 EST",1703516400,102.63,103.08,NE,3,10,,81,-0.3,2.7,,,24100,,,7,,,2.8,1.6
"2023-12-25 09:00:00 EST",1703512800,102.63,103.08,NE,3,8,,82,-1.2,1.6,,,24100,,,8,,,1.6,1.1
"2023-12-25 08:00:00 EST",1703509200,102.63,103.08,N,0,6,,82,-1.6,1.2,,,24100,,,7,,,1.3,0.9
"2023-12-25 07:00:00 EST",1703505600,102.58,103.03,NNE,2,8,,84,-1.4,0.9,,,24100,,,8,,,1.4,0.8
"2023-12-25 06:00:00 EST",1703502000,102.56,103.01,N,35,7,,85,-1.4,0.9,,,24100,,,8,,,1,0.7
"2023-12-25 05:00:00 EST",1703498400,102.55,103,NNW,34,5,,87,-1.2,0.7,,,24100,,,8,,,1.3,0.7
"2023-12-25 04:00:00 EST",1703494800,102.55,103,NNW,33,4,,86,-0.8,1.3,,,24100,,,8,,,1.6,1.2
"2023-12-25 03:00:00 EST",1703491200,102.57,103.02,,36,3,,81,-1.7,1.2,,,24100,,,8,,,1.4,0.7
"2023-12-25 02:00:00 EST",1703487600,102.57,103.02,NNE,3,7,,79,-2.5,0.7,,,24100,,,8,,,1.1,0.7
"2023-12-25 01:00:00 EST",1703484000,102.54,102.99,NNE,1,8,,76,-2.7,1.1,,,24100,,,8,,,1.2,0.9
"2023-12-25 00:00:00 EST",1703480400,102.57,103.02,N,35,7,,77,-2.6,1,,,24100,,,8,,,1.3,0.9
"2023-12-24 23:00:00 EST",1703476800,102.59,103.04,NW,32,5,,76,-2.6,1.2,,,24100,,,8,,,1.2,1
"2023-12-24 22:00:00 EST",1703473200,102.58,103.04,NNE,1,7,,74,-3,1.2,,,24100,,,8,,,1.3,0.9
"2023-12-24 21:00:00 EST",1703469600,102.59,103.05,NNE,2,8,,73,-3.2,1,,,24100,,,8,,,1.2,1
"2023-12-24 20:00:00 EST",1703466000,102.58,103.04,NNE,2,10,,73,-3.2,1,,,24100,,,8,,,1.4,1
"2023-12-24 19:00:00 EST",1703462400,102.58,103.04,NE,3,10,,72,-3.2,1.4,,,24100,,,8,,,1.4,1
"2023-12-24 18:00:00 EST",1703458800,102.58,103.04,NNE,2,9,,72,-3.2,1.2,,,24100,,,8,,,1.4,1.2
"2023-12-24 17:00:00 EST",1703455200,102.54,103,NNE,1,9,,72,-3.2,1.3,,,24100,,,8,,,1.6,1.3
"2023-12-24 16:00:00 EST",1703451600,102.53,102.99,N,0,11,,71,-3,1.6,,,24100,,,8,,,1.6,1.4
"2023-12-24 15:00:00 EST",1703448000,102.49,102.95,NNE,2,13,,72,-2.9,1.5,,,24100,,,8,,,1.8,1.5
"2023-12-24 14:00:00 EST",1703444400,102.45,102.9,N,1,10,,70,-3.1,1.7,,,24100,,,8,,,1.8,1.5
"2023-12-24 13:00:00 EST",1703440800,102.47,102.93,N,1,12,,72,-3.1,1.5,,,24100,,,8,,,1.5,1
"2023-12-24 12:00:00 EST",1703437200,102.5,102.96,NNE,1,10,,73,-3.2,1.1,,,24100,,,8,,,1.1,0.4
"2023-12-24 11:00:00 EST",1703433600,102.55,103.01,NNE,2,14,,75,-3.5,0.4,,,24100,,,8,,,0.4,-0.1
"2023-12-24 10:00:00 EST",1703430000,102.6,103.06,NNE,1,12,,76,-3.9,-0.1,-4,,24100,,,8,,,0,-0.5
"2023-12-24 09:00:00 EST",1703426400,102.55,103.01,NNE,2,12,,76,-4.2,-0.5,-4,,24100,,,8,,,-0.5,-0.8
"2023-12-24 08:00:00 EST",1703422800,102.51,102.97,NNE,2,14,,76,-4.5,-0.8,-5,,24100,,,8,,,-0.8,-1.1
"2023-12-24 07:00:00 EST",1703419200,102.47,102.93,NNE,2,18,,76,-4.8,-1.1,-6,,24100,,,8,,,-1,-1.3
"2023-12-24 06:00:00 EST",1703415600,102.43,102.89,NNE,2,14,,77,-4.7,-1.2,-6,,24100,,,8,,,-1.2,-1.4
"2023-12-24 05:00:00 EST",1703412000,102.42,102.88,NNE,2,14,,76,-5.2,-1.4,-6,,24100,,,8,,,-1.4,-1.6
"2023-12-24 04:00:00 EST",1703408400,102.42,102.88,NNE,2,15,,75,-5.4,-1.6,-6,,24100,,,8,,,-1.3,-1.6
"2023-12-24 03:00:00 EST",1703404800,102.43,102.89,NNE,2,13,,74,-5.3,-1.3,-6,,24100,,,8,,,-1.3,-1.4
"2023-12-24 02:00:00 EST",1703401200,102.43,102.89,NNE,2,12,,74,-5.4,-1.3,-5,,24100,,,8,,,-1.3,-1.5
"2023-12-24 01:00:00 EST",1703397600,102.44,102.9,NNE,2,11,,73,-5.5,-1.4,-5,,24100,,,8,,,-1.3,-1.5
"2023-12-24 00:00:00 EST",1703394000,102.45,102.91,NNE,2,12,,73,-5.7,-1.5,-6,,24100,,,8,,,-1.5,-1.7
"2023-12-23 23:00:00 EST",1703390400,102.47,102.93,N,1,12,,72,-6,-1.7,-6,,24100,,,8,,,-1.3,-1.7
"2023-12-23 22:00:00 EST",1703386800,102.51,102.97,NNE,1,14,,73,-5.7,-1.5,-6,,24100,,,8,,,-1,-1.5
"2023-12-23 21:00:00 EST",1703383200,102.5,102.96,NNE,2,12,,72,-5.6,-1.2,-5,,24100,,,8,,,-1.1,-1.3
"2023-12-23 20:00:00 EST",1703379600,102.5,102.96,NNE,2,9,,72,-5.8,-1.3,-5,,24100,,,8,,,-1.3,-1.7
"2023-12-23 19:00:00 EST",1703376000,102.5,102.96,NNE,2,14,,71,-6.3,-1.7,-6,,24100,,,8,,,-1.6,-1.8
"2023-12-23 18:00:00 EST",1703372400,102.49,102.95,N,0,14,,70,-6.3,-1.6,-6,,24100,,,8,,,-1.3,-1.6
"2023-12-23 17:00:00 EST",1703368800,102.46,102.92,NNE,3,5,,69,-6.4,-1.5,-3,,24100,,,8,,,-1.5,-1.6
"2023-12-23 16:00:00 EST",1703365200,102.48,102.94,NNE,2,9,,70,-6.4,-1.6,-5,,24100,,,8,,,-1.6,-1.9
"2023-12-23 15:00:00 EST",1703361600,102.46,102.92,NNE,2,11,,68,-7.1,-1.9,-6,,24100,,,8,,,-1.9,-2.6
"2023-12-23 14:00:00 EST",1703358000,102.46,102.92,N,0,10,,68,-7.7,-2.6,-6,,24100,,,8,,,-2.5,-3.1
"2023-12-23 13:00:00 EST",1703354400,102.47,102.93,NNE,1,15,,69,-7.9,-3,-8,,24100,,,8,,,-3,-3.9
"2023-12-23 12:00:00 EST",1703350800,102.5,102.96,NNE,2,16,,71,-8.4,-4,-10,,24100,,,8,,,-4,-4.7
"2023-12-23 11:00:00 EST",1703347200,102.58,103.04,N,1,17,,72,-9,-4.7,-11,,48300,,,8,,,-4.6,-5.9
"2023-12-23 10:00:00 EST",1703343600,102.59,103.05,NNE,1,12,,77,-9.3,-5.9,-11,,24100,,,8,,,-5.9,-7
"2023-12-23 09:00:00 EST",1703340000,102.6,103.06,NNE,2,15,,81,-9.8,-7,-13,,48300,,,6,,,-7,-8.1
"2023-12-23 08:00:00 EST",1703336400,102.61,103.07,NNE,1,12,,82,-10.7,-8.2,-14,,48300,,,4,,,-8,-8.3
"2023-12-23 07:00:00 EST",1703332800,102.63,103.09,NNE,1,13,,81,-10.8,-8,-14,,24100,,,3,,,-7.9,-8.1
"2023-12-23 06:00:00 EST",1703329200,102.62,103.08,NNE,2,13,,81,-10.8,-8.1,-14,,24100,,,2,,,-8.1,-8.3
"2023-12-23 05:00:00 EST",1703325600,102.64,103.1,NNE,2,17,,80,-11,-8.2,-15,,24100,,,2,,,-7.7,-8.2
"2023-12-23 04:00:00 EST",1703322000,102.65,103.11,NNE,1,12,,80,-10.6,-7.7,-13,,24100,,,2,,,-7.6,-7.7
"2023-12-23 03:00:00 EST",1703318400,102.65,103.11,NNE,1,13,,80,-10.5,-7.7,-13,,24100,,,3,,,-7.5,-7.8
"2023-12-23 02:00:00 EST",1703314800,102.67,103.13,NNE,2,13,,79,-10.6,-7.5,-13,,24100,,,1,,,-7.1,-7.5
"2023-12-23 01:00:00 EST",1703311200,102.7,103.16,NE,4,11,,78,-10.4,-7.2,-12,,24100,,,4,,,-7.1,-7.6
"2023-12-23 00:00:00 EST",1703307600,102.74,103.2,NE,3,10,,78,-10.6,-7.5,-12,,24100,,,3,,,-7.2,-7.6
"2023-12-22 23:00:00 EST",1703304000,102.77,103.23,NE,5,11,,77,-10.8,-7.3,-12,,24100,,,0,,,-7.1,-7.5
"2023-12-22 22:00:00 EST",1703300400,102.78,103.24,NE,4,12,,75,-10.8,-7.2,-13,,24100,,,1,,,-7,-7.5
"2023-12-22 21:00:00 EST",1703296800,102.78,103.24,NE,5,9,,74,-11,-7,-11,,24100,,,1,,,-6.3,-7.2
"2023-12-22 20:00:00 EST",1703293200,102.81,103.27,ENE,7,10,,67,-11.5,-6.3,-11,,24100,,,1,,,-6,-6.5
"2023-12-22 19:00:00 EST",1703289600,102.81,103.27,ESE,10,7,,67,-11.3,-6,-9,,24100,,,1,,,-5.7,-6.1
"2023-12-22 18:00:00 EST",1703286000,102.78,103.24,ENE,7,7,,64,-11.8,-6.2,-10,,24100,,,1,,,-5.8,-6.2
"2023-12-22 17:00:00 EST",1703282400,102.79,103.25,E,9,9,,61,-12.3,-5.9,-10,,24100,,,1,,,-5.3,-5.9
"2023-12-22 16:00:00 EST",1703278800,102.8,103.26,SSE,14,8,,57,-12.6,-5.3,-9,,48300,,,2,,,-4.8,-5.3
"2023-12-22 15:00:00 EST",1703275200,102.81,103.27,SE,14,4,,57,-12.4,-5,-7,,48300,,,3,,,-4.7,-5.2
"2023-12-22 14:00:00 EST",1703271600,102.82,103.28,SSE,15,6,,60,-11.9,-5.2,-8,,24100,,,5,,,-5.1,-5.7
"2023-12-22 13:00:00 EST",1703268000,102.84,103.3,S,17,4,,57,-12.9,-5.7,-8,,48300,,,5,,,-5.6,-6.5
"2023-12-22 12:00:00 EST",1703264400,102.94,103.4,N,0,7,,60,-13.1,-6.6,-10,,48300,,,1,,,-6.4,-7.3
"2023-12-22 11:00:00 EST",1703260800,102.99,103.45,NNW,34,4,,64,-12.9,-7.2,-9,,48300,,,2,,,-7,-7.8
"2023-12-22 10:00:00 EST",1703257200,103.06,103.52,NE,5,10,,69,-12.4,-7.6,-12,,48300,,,2,,,-7.6,-8.7
"2023-12-22 09:00:00 EST",1703253600,103.06,103.53,NE,5,13,,73,-12.7,-8.7,-15,,48300,,,2,,,-8.6,-9.8
"2023-12-22 08:00:00 EST",1703250000,103.07,103.54,NNE,2,10,,74,-13.7,-9.8,-15,,24100,,,2,,,-9.8,-10
"2023-12-22 07:00:00 EST",1703246400,103.06,103.53,NNE,2,11,,75,-13.7,-10,-16,,24100,,,2,,,-9.9,-10.1
"2023-12-22 06:00:00 EST",1703242800,103.05,103.52,NNE,2,12,,73,-14,-10,-16,,24100,,,0,,,-9.8,-10
"2023-12-22 05:00:00 EST",1703239200,103.03,103.49,N,0,12,,72,-13.9,-9.8,-16,,24100,,,0,,,-9.6,-9.8
"2023-12-22 04:00:00 EST",1703235600,103.02,103.48,NNE,1,12,,72,-13.8,-9.6,-15,,24100,,,0,,,-9.2,-9.7
"2023-12-22 03:00:00 EST",1703232000,103.04,103.5,NNE,1,13,,70,-13.9,-9.3,-15,,24100,,,0,,,-9.1,-9.3
"2023-12-22 02:00:00 EST",1703228400,103.06,103.52,NNE,2,13,,69,-13.8,-9.1,-15,,24100,,,0,,,-8.8,-9.1
"2023-12-22 01:00:00 EST",1703224800,103.06,103.52,NNE,1,14,,69,-13.5,-8.8,-15,,24100,,,0,,,-8.5,-8.8
"2023-12-22 00:00:00 EST",1703221200,103.1,103.56,NNE,2,13,,69,-13.2,-8.6,-15,,24100,,,0,,,-8,-8.6
"2023-12-21 23:00:00 EST",1703217600,103.13,103.59,NNE,1,15,,67,-13.2,-8.1,-14,,24100,,,0,,,-7.6,-8.1
"2023-12-21 22:00:00 EST",1703214000,103.14,103.6,NNE,2,12,,65,-13,-7.6,-13,,24100,,,0,,,-7.1,-7.6
"2023-12-21 21:00:00 EST",1703210400,103.17,103.63,NNE,1,12,,64,-13,-7.2,-13,,24100,,,0,,,-6.6,-7.2
"2023-12-21 20:00:00 EST",1703206800,103.17,103.64,NNE,1,13,,61,-12.9,-6.6,-12,,24100,,,0,,,-6,-6.6
"2023-12-21 19:00:00 EST",1703203200,103.18,103.65,NNW,34,10,,62,-12.4,-6.2,-11,,24100,,,1,,,-5.8,-6.7
"2023-12-21 18:00:00 EST",1703199600,103.19,103.65,WNW,29,9,,60,-12.4,-5.8,-10,,24100,,,1,,,-5.2,-6.2
"2023-12-21 17:00:00 EST",1703196000,103.19,103.65,NNW,34,9,,54,-13.3,-5.3,-9,,24100,,,1,,,-4.7,-5.3
"2023-12-21 16:00:00 EST",1703192400,103.2,103.66,NNW,34,9,,50,-13.6,-4.7,-9,,48300,,,1,,,-4.2,-4.7
"2023-12-21 15:00:00 EST",1703188800,103.19,103.65,N,35,14,,49,-13.6,-4.3,-9,,48300,,,1,,,-4,-4.7
"2023-12-21 14:00:00 EST",1703185200,103.19,103.65,NNE,1,21,,50,-13.5,-4.5,-11,,24100,,,1,,,-4.4,-5
"2023-12-21 13:00:00 EST",1703181600,103.23,103.69,N,0,14,,52,-13.5,-5,-10,,24100,,,1,,,-4.7,-5.2
"2023-12-21 12:00:00 EST",1703178000,103.3,103.76,NNE,2,15,,56,-12.1,-4.6,-10,,24100,,,1,,,-4.6,-5.8
"2023-12-21 11:00:00 EST",1703174400,103.39,103.85,N,0,21,35,56,-13.2,-5.8,-13,,24100,,,2,,,-5.7,-6.7
"2023-12-21 10:00:00 EST",1703170800,103.44,103.9,N,0,23,,59,-13.5,-6.7,-14,,48300,,,1,,,-6.5,-7.4
"2023-12-21 09:00:00 EST",1703167200,103.43,103.89,N,35,18,27,63,-13.4,-7.4,-14,,48300,,,1,,,-7.4,-8.3
"2023-12-21 08:00:00 EST",1703163600,103.38,103.84,NNW,33,10,,67,-13.4,-8.4,-13,,48300,,,1,,,-8.4,-8.6
"2023-12-21 07:00:00 EST",1703160000,103.35,103.81,NNW,33,10,,67,-13.7,-8.6,-14,,24100,,,2,,,-8.3,-8.6
"2023-12-21 06:00:00 EST",1703156400,103.29,103.75,NNW,34,13,,67,-13.5,-8.3,-14,,24100,,,0,,,-7.8,-8.3
"2023-12-21 05:00:00 EST",1703152800,103.25,103.71,N,0,17,,64,-13.6,-7.8,-14,,24100,,,0,,,-7.5,-7.8
"2023-12-21 04:00:00 EST",1703149200,103.2,103.66,N,0,18,,62,-13.6,-7.5,-14,,24100,,,0,,,-7,-7.5
"2023-12-21 03:00:00 EST",1703145600,103.16,103.62,N,0,24,38,60,-13.6,-7,-15,,24100,,,0,,,-6.6,-7
"2023-12-21 02:00:00 EST",1703142000,103.09,103.55,N,0,28,,62,-12.8,-6.6,-15,,24100,,,1,,,-5.6,-6.7
"2023-12-21 01:00:00 EST",1703138400,103.04,103.5,NNE,1,30,39,66,-11,-5.5,-14,,24100,,,1,,,-4.1,-5.5
"2023-12-21 00:00:00 EST",1703134800,102.95,103.41,NNE,2,29,,67,-9.4,-4.2,-12,,24100,,,1,,,-3.1,-4.2
"2023-12-20 23:00:00 EST",1703131200,102.91,103.37,N,0,17,,75,-6.9,-3.2,-9,,24100,,,1,,,-2.6,-3.2
"2023-12-20 22:00:00 EST",1703127600,102.86,103.32,N,0,16,,78,-6,-2.6,-8,,24100,,,1,,,-2.4,-2.7
"2023-12-20 21:00:00 EST",1703124000,102.82,103.28,NNW,34,13,,85,-4.9,-2.7,-7,,24100,,,1,,,-2.3,-2.7
"2023-12-20 20:00:00 EST",1703120400,102.76,103.22,NNW,33,9,,83,-5,-2.5,-6,,24100,,,2,,,-1.6,-2.5
"2023-12-20 19:00:00 EST",1703116800,102.7,103.16,WNW,29,6,,81,-4.5,-1.6,-4,,24100,,,7,,,-1.6,-1.8
"2023-12-20 18:00:00 EST",1703113200,102.67,103.13,W,27,7,,80,-4.7,-1.8,-4,,24100,,,8,,,-1.7,-1.8
"2023-12-20 17:00:00 EST",1703109600,102.6,103.06,WSW,25,8,,79,-4.9,-1.7,-5,,24100,,,8,,,-1.5,-1.7
"2023-12-20 16:00:00 EST",1703106000,102.55,103.01,W,26,7,,78,-5,-1.6,-4,,24100,,,8,,,-1.4,-1.6
"2023-12-20 15:00:00 EST",1703102400,102.47,102.93,WSW,24,8,,75,-5.2,-1.4,-4,,24100,,,8,,,-1.3,-1.5
"2023-12-20 14:00:00 EST",1703098800,102.41,102.87,W,27,6,,75,-5.4,-1.4,-4,,24100,,,8,,,-1.4,-1.8
"2023-12-20 13:00:00 EST",1703095200,102.41,102.87,W,27,12,,74,-5.8,-1.7,-6,,24100,,,8,,,-1.6,-1.9
"2023-12-20 12:00:00 EST",1703091600,102.41,102.87,WSW,24,8,,74,-6,-1.9,-5,,24100,,,8,,,-1.9,-2.3
"2023-12-20 11:00:00 EST",1703088000,102.49,102.95,W,27,10,,75,-6.3,-2.3,-6,,24100,,,8,,,-2.1,-2.8
"2023-12-20 10:00:00 EST",1703084400,102.5,102.96,NW,30,7,,79,-5.9,-2.8,-6,,24100,,,8,,,-2.7,-3.1
"2023-12-20 09:00:00 EST",1703080800,102.46,102.92,WSW,25,3,,79,-6.1,-3,-4,,24100,,,7,,,-2.9,-3.6
"2023-12-20 08:00:00 EST",1703077200,102.45,102.91,SE,13,11,,82,-6.4,-3.7,-8,,24100,,,6,,,-3.7,-4.9
"2023-12-20 07:00:00 EST",1703073600,102.42,102.88,SE,14,7,,85,-7.3,-5.1,-8,,24100,,,3,,,-5.1,-5.8
"2023-12-20 06:00:00 EST",1703070000,102.38,102.84,,36,2,,83,-8,-5.6,-7,,24100,,,0,,,-5.2,-5.6
"2023-12-20 05:00:00 EST",1703066400,102.35,102.81,SW,22,5,,83,-7.8,-5.4,-8,,24100,,,1,,,-5.3,-5.7
"2023-12-20 04:00:00 EST",1703062800,102.34,102.8,W,27,8,,82,-8.2,-5.7,-9,,24100,,,1,,,-4.8,-5.8
"2023-12-20 03:00:00 EST",1703059200,102.36,102.82,WSW,25,15,,80,-7.8,-4.8,-10,,24100,,,1,,,-4.8,-5.2
"2023-12-20 02:00:00 EST",1703055600,102.35,102.81,WSW,25,14,,78,-8.4,-5.2,-11,,24100,,,1,,,-5.1,-5.9
"2023-12-20 01:00:00 EST",1703052000,102.29,102.75,W,26,8,,76,-9.4,-5.8,-10,,24100,,,1,,,-5.4,-5.8
"2023-12-20 00:00:00 EST",1703048400,102.25,102.71,WSW,25,11,,73,-9.8,-5.6,-10,,24100,,,1,,,-5.4,-5.7
"2023-12-19 23:00:00 EST",1703044800,102.23,102.69,WSW,25,17,,71,-9.9,-5.4,-11,,24100,,,1,,,-5,-5.4
"2023-12-19 22:00:00 EST",1703041200,102.18,102.64,WSW,24,16,,70,-9.5,-4.9,-11,,24100,,,1,,,-4.1,-5
"2023-12-19 21:00:00 EST",1703037600,102.11,102.57,WSW,24,21,31,69,-9,-4.1,-11,,24100,,,7,,,-3.5,-4.1
"2023-12-19 20:00:00 EST",1703034000,102.03,102.48,WSW,25,24,35,71,-8.4,-3.9,-11,,24100,,,8,,,-3.3,-4
"2023-12-19 19:00:00 EST",1703030400,101.92,102.37,W,26,27,,69,-8.3,-3.3,-10,,24100,,,8,,,-3,-3.3
"2023-12-19 18:00:00 EST",1703026800,101.78,102.23,W,26,30,40,68,-8.1,-3,-10,,24100,,,8,,,-3,-3.2
"2023-12-19 17:00:00 EST",1703023200,101.61,102.06,WSW,25,29,30,68,-8.1,-3,-10,,24100,,,8,,,-2.7,-3.1
"2023-12-19 16:00:00 EST",1703019600,101.47,101.92,W,26,25,35,69,-7.6,-2.7,-9,,24100,,,8,,,-2.2,-2.8
"2023-12-19 15:00:00 EST",1703016000,101.31,101.76,W,26,29,29,70,-7.2,-2.4,-9,,24100,,,8,,,-1.8,-2.4
"2023-12-19 14:00:00 EST",1703012400,101.09,101.54,W,27,24,39,70,-6.7,-1.8,-8,,24100,,,8,,,-1.4,-1.9
"2023-12-19 13:00:00 EST",1703008800,100.92,101.37,W,26,31,33,74,-5.4,-1.4,-8,,24100,,,8,,,-1.2,-1.5
"2023-12-19 12:00:00 EST",1703005200,100.76,101.21,WSW,25,31,41,82,-3.9,-1.3,-8,,24100,,,8,,,-0.9,-1.5
"2023-12-19 11:00:00 EST",1703001600,100.63,101.08,W,25,26,,90,-2.5,-1.1,-7,,4800,,,8,,,-0.5,-1.3
"2023-12-19 10:00:00 EST",1702998000,100.51,100.95,W,27,24,,93,-2,-0.9,-7,,2400,,,8,,,1,-0.9
"2023-12-19 09:00:00 EST",1702994400,100.32,100.76,W,27,21,,94,-1,-0.1,-6,,4000,,,6,,,1.8,-0.1
"2023-12-19 08:00:00 EST",1702990800,100.16,100.6,W,27,15,,92,0.1,1.2,,,24100,,,8,,,2.2,1.2
"2023-12-19 07:00:00 EST",1702987200,100,100.44,WSW,23,10,,92,0.6,1.8,,,24100,,,8,,,2.6,1.8
"2023-12-19 06:00:00 EST",1702983600,99.81,100.25,WSW,23,11,,91,1.1,2.3,,,24100,,,8,,,3.6,2.3
"2023-12-19 05:00:00 EST",1702980000,99.63,100.07,WSW,25,14,,92,1.9,3,,,24100,,,7,,,3.9,3
"2023-12-19 04:00:00 EST",1702976400,99.51,99.95,WSW,24,8,,94,2.9,3.8,,,24100,,,8,,,4.2,3.8
"2023-12-19 03:00:00 EST",1702972800,99.42,99.86,SW,22,14,,95,3.1,3.8,,,16100,,,8,,,5,3.8
"2023-12-19 02:00:00 EST",1702969200,99.35,99.79,SW,22,20,,95,3.7,4.5,,,9700,,,8,,,5.2,4.5
"2023-12-19 01:00:00 EST",1702965600,99.21,99.65,SW,23,16,,93,4,5.1,,,24100,,,8,,,5.3,5.1
"2023-12-19 00:00:00 EST",1702962000,99.11,99.55,WSW,23,20,,93,4.3,5.3,,,24100,,,8,,,5.6,5.3
"2023-12-18 23:00:00 EST",1702958400,98.99,99.42,SW,23,21,,92,4.2,5.3,,,24100,,,8,,,5.9,5.3
"2023-12-18 22:00:00 EST",1702954800,98.88,99.31,SW,23,20,,90,4.2,5.8,,,24100,,,8,,,6.2,5.8
"2023-12-18 21:00:00 EST",1702951200,98.66,99.09,WSW,24,28,37,91,4.6,6,,,24100,,,8,,,6.3,6
"2023-12-18 20:00:00 EST",1702947600,98.5,98.93,WSW,24,27,40,91,4.9,6.2,,,24100,,,8,,,6.3,6.2
"2023-12-18 19:00:00 EST",1702944000,98.29,98.72,WSW,25,25,37,92,5,6.2,,,9700,,,8,,,6.3,6.2
"2023-12-18 18:00:00 EST",1702940400,98.13,98.56,WSW,25,24,,93,5.3,6.3,,,9700,,,8,,,6.7,6.3
"2023-12-18 17:00:00 EST",1702936800,98.05,98.48,WSW,25,25,36,94,5.7,6.6,,,8100,,,8,,,6.8,6.5
"2023-12-18 16:00:00 EST",1702933200,97.87,98.3,W,26,24,,95,5.9,6.7,,,11300,,,8,,,7.3,6.6
"2023-12-18 15:00:00 EST",1702929600,97.85,98.28,WSW,24,27,31,96,6.6,7.1,,,4800,,,8,,,7.9,7.1
"2023-12-18 14:00:00 EST",1702926000,97.72,98.15,W,25,10,,97,7.1,7.6,,,8100,,,8,,,7.6,7.1
"2023-12-18 13:00:00 EST",1702922400,97.73,98.16,W,27,17,,96,6.7,7.2,,,6400,,,8,,,8.1,7.2
"2023-12-18 12:00:00 EST",1702918800,97.68,98.11,NNE,2,19,,97,7.4,7.9,,,6400,,,8,,,8.1,7.1
"2023-12-18 11:00:00 EST",1702915200,97.8,98.23,NE,3,29,,97,7.6,8.1,,,4000,,,8,,,8.1,6.8
"2023-12-18 10:00:00 EST",1702911600,98.03,98.46,NNE,2,28,,97,6.6,7,,,2800,,,8,,,7,6.6
"2023-12-18 09:00:00 EST",1702908000,98.26,98.69,NNE,1,36,37,97,6.1,6.6,,,4800,,,8,,,7.2,6.6
"2023-12-18 08:00:00 EST",1702904400,98.63,99.06,NNE,1,25,,97,6.8,7.2,,,4800,,,8,,,9.2,7.1
"2023-12-18 07:00:00 EST",1702900800,99.06,99.49,NE,3,17,,97,8.5,9,,,6400,,,8,,,9.2,8.1
"2023-12-18 06:00:00 EST",1702897200,99.28,99.71,E,8,14,,97,8.1,8.5,,,6400,,,8,,,8.5,7.8
"2023-12-18 05:00:00 EST",1702893600,99.53,99.97,ESE,10,17,,96,7.2,7.8,,,6400,,,8,,,8.4,7.8
"2023-12-18 04:00:00 EST",1702890000,99.67,100.11,SE,12,20,,96,7.7,8.3,,,9700,,,8,,,8.6,8
"2023-12-18 03:00:00 EST",1702886400,99.86,100.3,SE,12,20,,95,7.4,8.2,,,9700,,,8,,,8.6,8.2
"2023-12-18 02:00:00 EST",1702882800,100,100.44,SE,13,24,29,93,7.2,8.3,,,9700,,,8,,,8.3,8.2
"2023-12-18 01:00:00 EST",1702879200,100.09,100.53,SE,14,27,39,93,7.2,8.2,,,9700,,,8,,,8.3,7.4
"2023-12-18 00:00:00 EST",1702875600,100.24,100.68,SE,13,28,,93,6.6,7.7,,,9700,,,8,,,7.7,7.4
"2023-12-17 23:00:00 EST",1702872000,100.4,100.84,SE,13,22,35,93,6.3,7.4,,,8100,,,8,,,7.4,7
"2023-12-17 22:00:00 EST",1702868400,100.58,101.02,SE,13,29,,93,5.9,6.9,,,9700,,,8,,,6.9,6.3
"2023-12-17 21:00:00 EST",1702864800,100.73,101.17,SE,12,23,36,92,5.3,6.5,,,9700,,,8,,,6.6,6.3
"2023-12-17 20:00:00 EST",1702861200,100.87,101.31,SE,13,36,49,92,5.1,6.4,,,9700,,,8,,,6.6,6.3
"2023-12-17 19:00:00 EST",1702857600,101.02,101.46,SE,13,28,44,83,4,6.6,,,12900,,,8,,,7.4,6.6
"2023-12-17 18:00:00 EST",1702854000,101.14,101.58,SE,14,26,33,80,3.9,7,,,24100,,,8,,,7.3,6.9
"2023-12-17 17:00:00 EST",1702850400,101.25,101.69,SE,14,26,32,74,2.9,7.2,,,24100,,,8,,,7.2,6.9
"2023-12-17 16:00:00 EST",1702846800,101.36,101.81,SE,13,29,34,74,2.8,7,,,48300,,,8,,,7.2,6.9
"2023-12-17 15:00:00 EST",1702843200,101.45,101.9,SE,13,26,32,74,2.8,7.1,,,48300,,,8,,,7.3,6.9
"2023-12-17 14:00:00 EST",1702839600,101.5,101.95,SE,14,22,,74,2.5,6.9,,,48300,,,8,,,6.9,6.3
"2023-12-17 13:00:00 EST",1702836000,101.65,102.1,SE,14,15,,72,1.7,6.3,,,48300,,,8,,,6.3,5.8
"2023-12-17 12:00:00 EST",1702832400,101.81,102.26,SE,14,21,,71,1,5.8,,,48300,,,8,,,5.8,5.4
"2023-12-17 11:00:00 EST",1702828800,101.91,102.36,SE,14,22,,71,0.6,5.4,,,48300,,,8,,,5.4,5
"2023-12-17 10:00:00 EST",1702825200,102.01,102.46,SSE,16,19,31,71,0.2,5,,,48300,,,8,,,5.1,4.7
"2023-12-17 09:00:00 EST",1702821600,101.92,102.37,SE,14,32,43,70,-0.3,4.7,,,24100,,,8,,,4.7,4.4
"2023-12-17 08:00:00 EST",1702818000,101.9,102.35,SE,14,33,41,68,-1,4.4,,,24100,,,8,,,4.6,4.3
"2023-12-17 07:00:00 EST",1702814400,101.98,102.43,SE,13,30,37,66,-1.4,4.5,,,24100,,,7,,,4.6,4.4
"2023-12-17 06:00:00 EST",1702810800,102.02,102.47,SE,13,30,39,64,-1.7,4.5,,,24100,,,7,,,4.6,4.3
"2023-12-17 05:00:00 EST",1702807200,102.05,102.5,SE,13,31,34,63,-1.8,4.5,,,24100,,,7,,,4.5,3.4
"2023-12-17 04:00:00 EST",1702803600,102.18,102.63,SE,13,17,,72,-1.2,3.4,,,24100,,,7,,,3.4,-0.6
"2023-12-17 03:00:00 EST",1702800000,102.31,102.76,N,1,11,,75,-4.2,-0.3,-4,,24100,,,7,,,2.3,-0.3
"2023-12-17 02:00:00 EST",1702796400,102.39,102.84,E,9,10,,73,-3,1.4,,,24100,,,6,,,1.4,-0.9
"2023-12-17 01:00:00 EST",1702792800,102.46,102.91,NNE,3,13,,74,-4.9,-0.9,-5,,24100,,,6,,,-0.4,-0.9
"2023-12-17 00:00:00 EST",1702789200,102.54,102.99,NE,3,13,,74,-4.9,-0.9,-5,,24100,,,7,,,-0.9,-1.5
"2023-12-16 23:00:00 EST",1702785600,102.64,103.1,NNE,2,14,,70,-5.7,-0.9,-5,,24100,,,7,,,-0.9,-1.2
"2023-12-16 22:00:00 EST",1702782000,102.73,103.19,NNE,1,13,,69,-6,-0.9,-5,,24100,,,7,,,-0.9,-1.2
"2023-12-16 21:00:00 EST",1702778400,102.72,103.18,NE,4,15,,69,-6.1,-1.2,-6,,24100,,,8,,,-1.1,-1.2
"2023-12-16 20:00:00 EST",1702774800,102.84,103.3,NE,4,16,,66,-6.6,-1.1,-6,,24100,,,7,,,-0.9,-1.4
"2023-12-16 19:00:00 EST",1702771200,102.89,103.35,NE,4,18,,68,-6.3,-1.2,-6,,24100,,,4,,,-0.8,-1.3
"2023-12-16 18:00:00 EST",1702767600,102.93,103.39,NE,4,19,,68,-6,-0.8,-6,,24100,,,7,,,0.2,-1
"2023-12-16 17:00:00 EST",1702764000,102.98,103.44,ENE,7,16,,61,-6.4,0.2,,,48300,,,4,,,0.9,0.1
"2023-12-16 16:00:00 EST",1702760400,102.98,103.44,ENE,6,12,,58,-6.5,0.9,,,48300,,,8,,,1.8,0.8
"2023-12-16 15:00:00 EST",1702756800,102.99,103.45,E,8,7,,54,-6.5,1.7,,,48300,,,8,,,2.5,1.7
"2023-12-16 14:00:00 EST",1702753200,103.01,103.46,ESE,11,10,,50,-7,2.3,,,48300,,,7,,,2.9,2.2
"2023-12-16 13:00:00 EST",1702749600,103.04,103.49,ENE,6,8,,52,-6.8,2.2,,,48300,,,8,,,2.5,2
"2023-12-16 12:00:00 EST",1702746000,103.08,103.53,NE,4,18,,55,-6,2.2,,,48300,,,7,,,2.7,2
"2023-12-16 11:00:00 EST",1702742400,103.11,103.56,NE,3,19,,57,-5,2.6,,,48300,,,5,,,2.7,2.2
"2023-12-16 10:00:00 EST",1702738800,103.06,103.51,NNE,1,13,,59,-5,2.3,,,48300,,,4,,,2.3,0
"2023-12-16 09:00:00 EST",1702735200,102.95,103.4,,36,1,,78,-3.5,-0.1,0,,24100,,,1,,,0.2,-0.6
"2023-12-16 08:00:00 EST",1702731600,102.93,103.38,ENE,6,4,,73,-4.8,-0.5,-2,,24100,,,2,,,0.1,-1.4
"2023-12-16 07:00:00 EST",1702728000,102.84,103.29,N,0,9,,76,-4.1,-0.4,-4,,24100,,,2,,,0.6,-0.4
"2023-12-16 06:00:00 EST",1702724400,102.75,103.2,NNW,34,7,,80,-2.7,0.4,,,24100,,,1,,,1.5,0.4
"2023-12-16 05:00:00 EST",1702720800,102.63,103.08,NW,30,6,,82,-1.8,0.9,,,24100,,,2,,,3.1,0.8
"2023-12-16 04:00:00 EST",1702717200,102.47,102.92,WNW,30,10,,77,-0.8,2.8,,,24100,,,2,,,3.3,2.7
"2023-12-16 03:00:00 EST",1702713600,102.37,102.82,WNW,28,14,,80,0.2,3.2,,,24100,,,3,,,3.8,3
"2023-12-16 02:00:00 EST",1702710000,102.25,102.7,W,26,14,,83,0.3,3,,,24100,,,4,,,4.7,2.8
"2023-12-16 01:00:00 EST",1702706400,102.14,102.59,W,27,14,,76,0.8,4.6,,,24100,,,7,,,4.9,3.8
"2023-12-16 00:00:00 EST",1702702800,102.09,102.54,W,26,12,,82,1.1,3.9,,,24100,,,7,,,4.6,3.7
"2023-12-15 23:00:00 EST",1702699200,102.01,102.46,WSW,24,13,,80,1.4,4.5,,,24100,,,7,,,4.9,4.5
"2023-12-15 22:00:00 EST",1702695600,101.97,102.42,WSW,24,14,,79,1.4,4.8,,,24100,,,8,,,5.5,4.7
"2023-12-15 21:00:00 EST",1702692000,101.91,102.36,WSW,25,16,,75,1.5,5.6,,,24100,,,7,,,5.9,5.6
"2023-12-15 20:00:00 EST",1702688400,101.87,102.32,SW,23,24,,75,1.7,5.7,,,24100,,,7,,,5.9,5.5
"2023-12-15 19:00:00 EST",1702684800,101.83,102.28,WSW,24,23,,75,1.8,5.9,,,24100,,,6,,,6.4,5.8
"2023-12-15 18:00:00 EST",1702681200,101.78,102.23,WSW,24,23,30,74,2,6.3,,,24100,,,7,,,6.6,5.9
"2023-12-15 17:00:00 EST",1702677600,101.72,102.17,WSW,24,20,,75,2.4,6.6,,,24100,,,6,,,6.6,5.9
"2023-12-15 16:00:00 EST",1702674000,101.68,102.13,WSW,24,15,,72,1.9,6.6,,,24100,,,6,,,7.2,6.3
"2023-12-15 15:00:00 EST",1702670400,101.69,102.14,WSW,25,18,31,70,1.9,7,,,48300,,,6,,,7.7,7
"2023-12-15 14:00:00 EST",1702666800,101.67,102.12,WSW,25,21,30,69,2.2,7.5,,,48300,,,7,,,7.5,6.1
"2023-12-15 13:00:00 EST",1702663200,101.68,102.13,WSW,24,22,30,72,1.8,6.5,,,48300,,,7,,,6.8,5.9
"2023-12-15 12:00:00 EST",1702659600,101.69,102.14,WSW,24,27,36,75,1.7,5.8,,,48300,,,5,,,5.9,5.3
"2023-12-15 11:00:00 EST",1702656000,101.73,102.18,WSW,24,32,44,76,1.4,5.3,,,48300,,,2,,,5.3,4.5
"2023-12-15 10:00:00 EST",1702652400,101.76,102.21,WSW,24,32,46,79,1.1,4.5,,,48300,,,2,,,4.5,3.8
"2023-12-15 09:00:00 EST",1702648800,101.75,102.2,WSW,24,32,47,80,0.6,3.9,,,24100,,,6,,,3.9,3.4
"2023-12-15 08:00:00 EST",1702645200,101.65,102.1,WSW,24,26,35,79,0.2,3.4,,,48300,,,2,,,3.6,3.1
"2023-12-15 07:00:00 EST",1702641600,101.58,102.03,SW,23,28,39,81,0.3,3.3,,,24100,,,4,,,3.4,3
"2023-12-15 06:00:00 EST",1702638000,101.58,102.03,SW,23,28,33,78,-0.2,3.2,,,24100,,,2,,,3.5,2.8
"2023-12-15 05:00:00 EST",1702634400,101.55,102,SW,23,24,,79,-0.5,2.8,,,24100,,,3,,,3,2.7
"2023-12-15 04:00:00 EST",1702630800,101.55,102,SW,23,25,27,79,-0.4,3,,,24100,,,1,,,3.2,2.6
"2023-12-15 03:00:00 EST",1702627200,101.6,102.05,SW,22,27,29,76,-0.8,2.9,,,24100,,,0,,,3.3,2.9
"2023-12-15 02:00:00 EST",1702623600,101.6,102.05,SW,23,32,45,75,-0.9,3,,,24100,,,0,,,3.2,2.4
"2023-12-15 01:00:00 EST",1702620000,101.62,102.07,SW,22,24,39,75,-1.5,2.5,,,24100,,,2,,,2.7,2.3
"2023-12-15 00:00:00 EST",1702616400,101.71,102.16,SW,21,28,,75,-1.5,2.4,,,24100,,,3,,,2.4,1.7
"2023-12-14 23:00:00 EST",1702612800,101.79,102.24,SW,22,21,,76,-2,1.9,,,24100,,,3,,,2,1.2
"2023-12-14 22:00:00 EST",1702609200,101.84,102.29,SW,22,14,,72,-2.8,1.6,,,24100,,,7,,,1.7,1.1
"2023-12-14 21:00:00 EST",1702605600,101.92,102.37,SW,22,21,,70,-3.6,1.3,,,24100,,,3,,,1.4,1.1
"2023-12-14 20:00:00 EST",1702602000,102,102.46,SW,21,23,28,67,-4.1,1.3,,,24100,,,4,,,1.7,1.1
